,Unnamed: 0,CID,BP,MP,BP_parsed_C,has_units_BP,MP_parsed_C,has_units_MP
0,0,1,unavailable,unavailable,unavailable,N/A,unavailable,N/A
1,1,2,unavailable,unavailable,unavailable,N/A,unavailable,N/A
2,2,3,unavailable,unavailable,unavailable,N/A,unavailable,N/A
3,3,4,"
313 to 316 °F at 758 mmHg (NTP, 1992)
","
34.5 °F (NTP, 1992)
",156.11111111111111,y,1.1111111111111112,y
4,4,5,unavailable,unavailable,unavailable,N/A,unavailable,N/A
5,5,6,"
315 °C
","
52-54 °C
",315,y,52,y
6,6,7,unavailable,unavailable,unavailable,N/A,unavailable,N/A
7,7,8,unavailable,unavailable,unavailable,N/A,unavailable,N/A
8,8,9,unavailable,unavailable,unavailable,N/A,unavailable,N/A
9,9,10,unavailable,unavailable,unavailable,N/A,unavailable,N/A
10,10,11,"
182.3 °F at 760 mmHg (NTP, 1992)
","
-31.5 °F (NTP, 1992)
",83.33333333333334,y,-0.5555555555555556,y
11,11,12,unavailable,unavailable,unavailable,N/A,unavailable,N/A
12,12,13,"
415 °F at 760 mmHg (NTP, 1992)
","
63 °F (NTP, 1992)
",212.7777777777778,y,17.22222222222222,y
13,13,14,unavailable,unavailable,unavailable,N/A,unavailable,N/A
14,14,15,unavailable,unavailable,unavailable,N/A,unavailable,N/A
15,15,16,unavailable,unavailable,unavailable,N/A,unavailable,N/A
16,16,17,unavailable,unavailable,unavailable,N/A,unavailable,N/A
17,17,18,unavailable,unavailable,unavailable,N/A,unavailable,N/A
18,18,19,"
362.00 to 363.00 °C. @ 760.00 mm Hg (est)
","
204.00 to 208.00 °C. @ 760.00 mm Hg
",362,y,204,y
19,19,20,unavailable,unavailable,unavailable,N/A,unavailable,N/A
20,20,21,unavailable,unavailable,unavailable,N/A,unavailable,N/A
21,21,22,unavailable,unavailable,unavailable,N/A,unavailable,N/A
22,22,23,unavailable,unavailable,unavailable,N/A,unavailable,N/A
23,23,24,unavailable,unavailable,unavailable,N/A,unavailable,N/A
24,24,25,unavailable,unavailable,unavailable,N/A,unavailable,N/A
25,25,26,unavailable,unavailable,unavailable,N/A,unavailable,N/A
26,26,27,unavailable,unavailable,unavailable,N/A,unavailable,N/A
27,27,28,unavailable,unavailable,unavailable,N/A,unavailable,N/A
28,28,29,unavailable,unavailable,unavailable,N/A,unavailable,N/A
29,29,30,unavailable,unavailable,unavailable,N/A,unavailable,N/A
30,30,31,unavailable,unavailable,unavailable,N/A,unavailable,N/A
31,31,32,unavailable,unavailable,unavailable,N/A,unavailable,N/A
32,32,33,"
185 °F at 760 mmHg (NTP, 1992)
","
3 °F (USCG, 1999)
",85.0,y,-16.11111111111111,y
33,33,34,"
262 °F at 760 mmHg (EPA, 1998)
","
-89.5 °F (EPA, 1998)
",127.77777777777779,y,31.666666666666668,y
34,34,35,unavailable,unavailable,unavailable,N/A,unavailable,N/A
35,35,36,unavailable,unavailable,unavailable,N/A,unavailable,N/A
36,36,37,unavailable,unavailable,unavailable,N/A,unavailable,N/A
37,37,38,unavailable,unavailable,unavailable,N/A,unavailable,N/A
38,38,39,unavailable,unavailable,unavailable,N/A,unavailable,N/A
39,39,40,unavailable,unavailable,unavailable,N/A,unavailable,N/A
40,40,41,unavailable,unavailable,unavailable,N/A,unavailable,N/A
41,41,42,unavailable,unavailable,unavailable,N/A,unavailable,N/A
42,42,43,unavailable,unavailable,unavailable,N/A,unavailable,N/A
43,43,44,unavailable,unavailable,unavailable,N/A,unavailable,N/A
44,44,45,unavailable,"
156 - 158 °C
",unavailable,N/A,156,y
45,45,46,unavailable,unavailable,unavailable,N/A,unavailable,N/A
46,46,47,unavailable,unavailable,unavailable,N/A,unavailable,N/A
47,47,48,unavailable,unavailable,unavailable,N/A,unavailable,N/A
48,48,49,170.5,"
31.5 °C
",170,n,31,y
49,49,50,unavailable,unavailable,unavailable,N/A,unavailable,N/A
50,50,51,unavailable,"
115.5 °C
",unavailable,N/A,115,y
51,51,52,unavailable,unavailable,unavailable,N/A,unavailable,N/A
52,52,53,unavailable,unavailable,unavailable,N/A,unavailable,N/A
53,53,54,unavailable,unavailable,unavailable,N/A,unavailable,N/A
54,54,55,unavailable,unavailable,unavailable,N/A,unavailable,N/A
55,55,56,unavailable,unavailable,unavailable,N/A,unavailable,N/A
56,56,57,unavailable,unavailable,unavailable,N/A,unavailable,N/A
57,57,58,unavailable,"
33 °C
",unavailable,N/A,33,y
58,58,59,unavailable,unavailable,unavailable,N/A,unavailable,N/A
59,59,60,unavailable,unavailable,unavailable,N/A,unavailable,N/A
60,60,61,unavailable,unavailable,unavailable,N/A,unavailable,N/A
61,61,62,unavailable,unavailable,unavailable,N/A,unavailable,N/A
62,62,63,unavailable,unavailable,unavailable,N/A,unavailable,N/A
63,63,64,unavailable,unavailable,unavailable,N/A,unavailable,N/A
64,64,65,unavailable,unavailable,unavailable,N/A,unavailable,N/A
65,65,66,"
412 °F at 760 mmHg (NTP, 1992)
","
133 to 136 °F (NTP, 1992)
",211.11111111111111,y,56.111111111111114,y
66,66,67,unavailable,unavailable,unavailable,N/A,unavailable,N/A
67,67,68,unavailable,unavailable,unavailable,N/A,unavailable,N/A
68,68,69,unavailable,unavailable,unavailable,N/A,unavailable,N/A
69,69,70,unavailable,"
8 - 10 °C
",unavailable,N/A,8,y
70,70,71,unavailable,"
127 °C
",unavailable,N/A,127,y
71,71,72,unavailable,"
221 °C
",unavailable,N/A,221,y
72,72,73,unavailable,unavailable,unavailable,N/A,unavailable,N/A
73,73,74,unavailable,unavailable,unavailable,N/A,unavailable,N/A
74,74,75,unavailable,unavailable,unavailable,N/A,unavailable,N/A
75,75,76,unavailable,unavailable,unavailable,N/A,unavailable,N/A
76,76,77,unavailable,unavailable,unavailable,N/A,unavailable,N/A
77,77,78,unavailable,unavailable,unavailable,N/A,unavailable,N/A
78,78,79,"
206.9 °C
","
51 °C
",206,y,51,y
79,79,80,unavailable,unavailable,unavailable,N/A,unavailable,N/A
80,80,81,unavailable,unavailable,unavailable,N/A,unavailable,N/A
81,81,82,unavailable,unavailable,unavailable,N/A,unavailable,N/A
82,82,83,unavailable,unavailable,unavailable,N/A,unavailable,N/A
83,83,84,unavailable,unavailable,unavailable,N/A,unavailable,N/A
84,84,85,unavailable,unavailable,unavailable,N/A,unavailable,N/A
85,85,86,unavailable,"
164 °C
",unavailable,N/A,164,y
86,86,87,unavailable,unavailable,unavailable,N/A,unavailable,N/A
87,87,88,unavailable,unavailable,unavailable,N/A,unavailable,N/A
88,88,89,unavailable,"
217 °C
",unavailable,N/A,217,y
89,89,90,unavailable,unavailable,unavailable,N/A,unavailable,N/A
90,90,91,unavailable,unavailable,unavailable,N/A,unavailable,N/A
91,91,92,unavailable,unavailable,unavailable,N/A,unavailable,N/A
92,92,93,"
412.25 °C. @ 760.00 mm Hg (est)
","
124 - 126 °C
",412,y,124,y
93,93,94,unavailable,unavailable,unavailable,N/A,unavailable,N/A
94,94,95,unavailable,unavailable,unavailable,N/A,unavailable,N/A
95,95,96,"
237.00 to 239.00 °C. @ 760.00 mm Hg
","
36.5 °C
",237,y,36,y
96,96,97,unavailable,unavailable,unavailable,N/A,unavailable,N/A
97,97,98,unavailable,unavailable,unavailable,N/A,unavailable,N/A
98,98,99,unavailable,unavailable,unavailable,N/A,unavailable,N/A
99,99,100,unavailable,unavailable,unavailable,N/A,unavailable,N/A
100,100,101,unavailable,unavailable,unavailable,N/A,unavailable,N/A
101,101,102,unavailable,unavailable,unavailable,N/A,unavailable,N/A
102,102,103,unavailable,unavailable,unavailable,N/A,unavailable,N/A
103,103,104,unavailable,unavailable,unavailable,N/A,unavailable,N/A
104,104,105,unavailable,unavailable,unavailable,N/A,unavailable,N/A
105,105,106,unavailable,"
228 °C
",unavailable,N/A,228,y
106,106,107,"
280.00 °C. @ 760.00 mm Hg
","
45 - 48 °C
",280,y,45,y
107,107,108,unavailable,unavailable,unavailable,N/A,unavailable,N/A
108,108,109,unavailable,unavailable,unavailable,N/A,unavailable,N/A
109,109,110,unavailable,unavailable,unavailable,N/A,unavailable,N/A
110,110,111,unavailable,"
170 °C
",unavailable,N/A,170,y
111,111,112,unavailable,unavailable,unavailable,N/A,unavailable,N/A
112,112,113,unavailable,unavailable,unavailable,N/A,unavailable,N/A
113,113,114,unavailable,unavailable,unavailable,N/A,unavailable,N/A
114,114,115,unavailable,unavailable,unavailable,N/A,unavailable,N/A
115,115,116,unavailable,unavailable,unavailable,N/A,unavailable,N/A
116,116,117,unavailable,unavailable,unavailable,N/A,unavailable,N/A
117,117,118,unavailable,unavailable,unavailable,N/A,unavailable,N/A
118,118,119,unavailable,"
203 °C
",unavailable,N/A,203,y
119,119,120,unavailable,unavailable,unavailable,N/A,unavailable,N/A
120,120,121,unavailable,unavailable,unavailable,N/A,unavailable,N/A
121,121,122,unavailable,unavailable,unavailable,N/A,unavailable,N/A
122,122,123,unavailable,unavailable,unavailable,N/A,unavailable,N/A
123,123,124,unavailable,unavailable,unavailable,N/A,unavailable,N/A
124,124,125,"
252.00 °C. @ 760.00 mm Hg
","
124.5 °C
",252,y,124,y
125,125,126,"
310.00 to 311.00 °C. @ 760.00 mm Hg
","
117 °C
",310,y,117,y
126,126,127,unavailable,"
148 - 150 °C
",unavailable,N/A,148,y
127,127,128,unavailable,unavailable,unavailable,N/A,unavailable,N/A
128,128,129,unavailable,unavailable,unavailable,N/A,unavailable,N/A
129,129,130,unavailable,unavailable,unavailable,N/A,unavailable,N/A
130,130,131,unavailable,unavailable,unavailable,N/A,unavailable,N/A
131,131,132,unavailable,unavailable,unavailable,N/A,unavailable,N/A
132,132,133,unavailable,unavailable,unavailable,N/A,unavailable,N/A
133,133,134,unavailable,unavailable,unavailable,N/A,unavailable,N/A
134,134,135,"
334.00 to 335.00 °C. @ 760.00 mm Hg
","
214.5 °C
",334,y,214,y
135,135,136,unavailable,unavailable,unavailable,N/A,unavailable,N/A
136,136,137,unavailable,"
156-158 °C
",unavailable,N/A,156,y
137,137,138,unavailable,"
157.5 °C
",unavailable,N/A,157,y
138,138,139,unavailable,unavailable,unavailable,N/A,unavailable,N/A
139,139,140,unavailable,"
232 °C
",unavailable,N/A,232,y
140,140,141,unavailable,unavailable,unavailable,N/A,unavailable,N/A
141,141,142,unavailable,unavailable,unavailable,N/A,unavailable,N/A
142,142,143,unavailable,unavailable,unavailable,N/A,unavailable,N/A
143,143,144,unavailable,"
298-300 °C (decomposes)
",unavailable,N/A,298,y
144,144,145,unavailable,unavailable,unavailable,N/A,unavailable,N/A
145,145,146,unavailable,unavailable,unavailable,N/A,unavailable,N/A
146,146,147,unavailable,unavailable,unavailable,N/A,unavailable,N/A
147,147,148,unavailable,unavailable,unavailable,N/A,unavailable,N/A
148,148,149,unavailable,unavailable,unavailable,N/A,unavailable,N/A
149,149,150,unavailable,unavailable,unavailable,N/A,unavailable,N/A
150,150,151,unavailable,unavailable,unavailable,N/A,unavailable,N/A
151,151,152,unavailable,unavailable,unavailable,N/A,unavailable,N/A
152,152,153,unavailable,unavailable,unavailable,N/A,unavailable,N/A
153,153,154,unavailable,unavailable,unavailable,N/A,unavailable,N/A
154,154,155,unavailable,unavailable,unavailable,N/A,unavailable,N/A
155,155,156,unavailable,unavailable,unavailable,N/A,unavailable,N/A
156,156,157,unavailable,unavailable,unavailable,N/A,unavailable,N/A
157,157,158,unavailable,unavailable,unavailable,N/A,unavailable,N/A
158,158,159,unavailable,unavailable,unavailable,N/A,unavailable,N/A
159,159,160,unavailable,unavailable,unavailable,N/A,unavailable,N/A
160,160,161,unavailable,unavailable,unavailable,N/A,unavailable,N/A
161,161,162,unavailable,unavailable,unavailable,N/A,unavailable,N/A
162,162,163,unavailable,unavailable,unavailable,N/A,unavailable,N/A
163,163,164,unavailable,unavailable,unavailable,N/A,unavailable,N/A
164,164,165,unavailable,unavailable,unavailable,N/A,unavailable,N/A
165,165,166,unavailable,unavailable,unavailable,N/A,unavailable,N/A
166,166,167,unavailable,unavailable,unavailable,N/A,unavailable,N/A
167,167,168,unavailable,unavailable,unavailable,N/A,unavailable,N/A
168,168,169,unavailable,unavailable,unavailable,N/A,unavailable,N/A
169,169,170,unavailable,unavailable,unavailable,N/A,unavailable,N/A
170,170,171,unavailable,unavailable,unavailable,N/A,unavailable,N/A
171,171,172,unavailable,unavailable,unavailable,N/A,unavailable,N/A
172,172,173,unavailable,unavailable,unavailable,N/A,unavailable,N/A
173,173,174,"
387.7 °F at 760 mmHg (NTP, 1992)
","
9 °F (NTP, 1992)
",197.22222222222223,y,-12.777777777777779,y
174,174,175,unavailable,unavailable,unavailable,N/A,unavailable,N/A
175,175,176,"
244 °F at 760 mmHg (NTP, 1992)
","
61.9 °F (NTP, 1992)
",117.77777777777779,y,16.11111111111111,y
176,176,177,"
70 °F at 760 mmHg (NTP, 1992)
","
-190.3 °F (NTP, 1992)
",21.11111111111111,y,87.77777777777779,y
177,177,178,"
430 °F at 760 mmHg (NTP, 1992)
","
180.1 °F (NTP, 1992)
",221.11111111111111,y,82.22222222222223,y
178,178,179,"
148 °C at 760 mm Hg
","
15 °C
",148,y,15,y
179,179,180,"
133 °F at 760 mmHg (NTP, 1992)
","
-137 °F (NTP, 1992)
",56.111111111111114,y,58.333333333333336,y
180,180,181,unavailable,unavailable,unavailable,N/A,unavailable,N/A
181,181,182,unavailable,unavailable,unavailable,N/A,unavailable,N/A
182,182,183,unavailable,unavailable,unavailable,N/A,unavailable,N/A
183,183,184,unavailable,unavailable,unavailable,N/A,unavailable,N/A
184,184,185,unavailable,unavailable,unavailable,N/A,unavailable,N/A
185,185,186,unavailable,unavailable,unavailable,N/A,unavailable,N/A
186,186,187,unavailable,"
148 °C
",unavailable,N/A,148,y
187,187,188,unavailable,unavailable,unavailable,N/A,unavailable,N/A
188,188,189,unavailable,unavailable,unavailable,N/A,unavailable,N/A
189,189,190,unavailable,"
360 °C
",unavailable,N/A,360,y
190,190,191,unavailable,unavailable,unavailable,N/A,unavailable,N/A
191,191,192,unavailable,unavailable,unavailable,N/A,unavailable,N/A
192,192,193,unavailable,unavailable,unavailable,N/A,unavailable,N/A
193,193,194,unavailable,unavailable,unavailable,N/A,unavailable,N/A
194,194,195,unavailable,unavailable,unavailable,N/A,unavailable,N/A
195,195,196,"
337.5 °C at 760 mm Hg: 265 °C at 100 mm Hg: 240.5 °C at 40 mm Hg: 222 °Cat 20 mm Hg: 205.5 °C at 10 mm Hg; 191 °C at 5 mm Hg; 159.5 °C at 1.0 mm Hg
","
304 °F (USCG, 1999)
",337,y,151.11111111111111,y
196,196,197,unavailable,unavailable,unavailable,N/A,unavailable,N/A
197,197,198,unavailable,unavailable,unavailable,N/A,unavailable,N/A
198,198,199,unavailable,"
234-238 degress Celcius
",unavailable,N/A,234,n
199,199,200,unavailable,unavailable,unavailable,N/A,unavailable,N/A
200,200,201,unavailable,unavailable,unavailable,N/A,unavailable,N/A
201,201,202,unavailable,unavailable,unavailable,N/A,unavailable,N/A
202,202,203,unavailable,"
180 - 181 °C
",unavailable,N/A,180,y
203,203,204,unavailable,"
239 °C /Racemic form/
",unavailable,N/A,239,y
204,204,205,unavailable,unavailable,unavailable,N/A,unavailable,N/A
205,205,206,unavailable,unavailable,unavailable,N/A,unavailable,N/A
206,206,207,unavailable,unavailable,unavailable,N/A,unavailable,N/A
207,207,208,unavailable,unavailable,unavailable,N/A,unavailable,N/A
208,208,209,unavailable,unavailable,unavailable,N/A,unavailable,N/A
209,209,210,unavailable,unavailable,unavailable,N/A,unavailable,N/A
210,210,211,unavailable,unavailable,unavailable,N/A,unavailable,N/A
211,211,212,unavailable,unavailable,unavailable,N/A,unavailable,N/A
212,212,213,unavailable,unavailable,unavailable,N/A,unavailable,N/A
213,213,214,unavailable,unavailable,unavailable,N/A,unavailable,N/A
214,214,215,unavailable,unavailable,unavailable,N/A,unavailable,N/A
215,215,216,unavailable,unavailable,unavailable,N/A,unavailable,N/A
216,216,217,unavailable,unavailable,unavailable,N/A,unavailable,N/A
217,217,218,unavailable,unavailable,unavailable,N/A,unavailable,N/A
218,218,219,unavailable,unavailable,unavailable,N/A,unavailable,N/A
219,219,220,unavailable,unavailable,unavailable,N/A,unavailable,N/A
220,220,221,unavailable,unavailable,unavailable,N/A,unavailable,N/A
221,221,222,"
-28.03 °F at 760 mmHg (EPA, 1998)
","
-107.9 °F (EPA, 1998)
",-2.2222222222222223,y,41.66666666666667,y
222,222,223,unavailable,unavailable,unavailable,N/A,unavailable,N/A
223,223,224,unavailable,unavailable,unavailable,N/A,unavailable,N/A
224,224,225,unavailable,unavailable,unavailable,N/A,unavailable,N/A
225,225,226,unavailable,unavailable,unavailable,N/A,unavailable,N/A
226,226,227,"
Sublimes (NTP, 1992)
","
291 to 295 °F (NTP, 1992)
",1992,n,143.88888888888889,y
227,227,228,unavailable,unavailable,unavailable,N/A,unavailable,N/A
228,228,229,unavailable,unavailable,unavailable,N/A,unavailable,N/A
229,229,230,unavailable,unavailable,unavailable,N/A,unavailable,N/A
230,230,231,unavailable,unavailable,unavailable,N/A,unavailable,N/A
231,231,232,unavailable,unavailable,unavailable,N/A,unavailable,N/A
232,232,233,unavailable,unavailable,unavailable,N/A,unavailable,N/A
233,233,234,"
Boiling point (-H2O): 160 °C /Hemihydrate/
","
35 °C
",2,y,35,y
234,234,235,unavailable,unavailable,unavailable,N/A,unavailable,N/A
235,235,236,unavailable,unavailable,unavailable,N/A,unavailable,N/A
236,236,237,unavailable,"
248-250 °C
",unavailable,N/A,248,y
237,237,238,unavailable,unavailable,unavailable,N/A,unavailable,N/A
238,238,239,unavailable,"
200 °C
",unavailable,N/A,200,y
239,239,240,"
354 °F at 760 mmHg (NTP, 1992)
","
-15 °F (NTP, 1992)
",178.88888888888889,y,-9.444444444444445,y
240,240,241,"
176.2 °F at 760 mmHg (NTP, 1992)
","
41.9 °F (NTP, 1992)
",80.0,y,5.0,y
241,241,242,unavailable,unavailable,unavailable,N/A,unavailable,N/A
242,242,243,"
480 °F at 760 mmHg (NTP, 1992)
","
252.3 °F (NTP, 1992)
",248.8888888888889,y,122.22222222222223,y
243,243,244,"
401 °F at 760 mmHg (NTP, 1992)
","
4.5 °F (NTP, 1992)
",205.0,y,-15.555555555555557,y
244,244,245,unavailable,unavailable,unavailable,N/A,unavailable,N/A
245,245,246,unavailable,unavailable,unavailable,N/A,unavailable,N/A
246,246,247,unavailable,"
301-305°C
",unavailable,N/A,301,y
247,247,248,unavailable,"
293 - 301 °C
",unavailable,N/A,293,y
248,248,249,unavailable,unavailable,unavailable,N/A,unavailable,N/A
249,249,250,unavailable,unavailable,unavailable,N/A,unavailable,N/A
250,250,251,unavailable,unavailable,unavailable,N/A,unavailable,N/A
251,251,252,unavailable,unavailable,unavailable,N/A,unavailable,N/A
252,252,253,unavailable,unavailable,unavailable,N/A,unavailable,N/A
253,253,254,unavailable,unavailable,unavailable,N/A,unavailable,N/A
254,254,255,unavailable,unavailable,unavailable,N/A,unavailable,N/A
255,255,256,unavailable,unavailable,unavailable,N/A,unavailable,N/A
256,256,257,unavailable,unavailable,unavailable,N/A,unavailable,N/A
257,257,258,unavailable,"
235-236 °C (decomp.)
",unavailable,N/A,235,y
258,258,259,unavailable,"
-7.25 °C
",unavailable,N/A,7,y
259,259,260,"
-88.2 °F at 760 mmHg (USCG, 1999)
","
-124 °F (NIOSH, 2022)
",31.111111111111114,y,51.111111111111114,y
260,260,261,"
167 °F at 760 mmHg (NTP, 1992)
","
-146 °F (NTP, 1992)
",75.0,y,63.333333333333336,y
261,261,262,"
BP: 182 °C at 1 atm
","
19 °C
",182,y,19,y
262,262,263,"
243.9 °F at 760 mmHg (USCG, 1999)
","
-129 °F (USCG, 1999)
",117.22222222222223,y,53.88888888888889,y
263,263,264,"
326.3 °F at 760 mmHg (NTP, 1992)
","
17.8 °F (NTP, 1992)
",163.33333333333334,y,-8.333333333333334,y
264,264,265,unavailable,unavailable,unavailable,N/A,unavailable,N/A
265,265,266,unavailable,unavailable,unavailable,N/A,unavailable,N/A
266,266,267,unavailable,unavailable,unavailable,N/A,unavailable,N/A
267,267,268,unavailable,unavailable,unavailable,N/A,unavailable,N/A
268,268,269,unavailable,unavailable,unavailable,N/A,unavailable,N/A
269,269,270,unavailable,unavailable,unavailable,N/A,unavailable,N/A
270,270,271,unavailable,"
850 °C
",unavailable,N/A,850,y
271,271,272,unavailable,unavailable,unavailable,N/A,unavailable,N/A
272,272,273,"
179 °C
","
11.83 °C
",179,y,11,y
273,273,274,unavailable,unavailable,unavailable,N/A,unavailable,N/A
274,274,275,unavailable,"
184 °C
",unavailable,N/A,184,y
275,275,276,unavailable,unavailable,unavailable,N/A,unavailable,N/A
276,276,277,unavailable,unavailable,unavailable,N/A,unavailable,N/A
277,277,278,unavailable,unavailable,unavailable,N/A,unavailable,N/A
278,278,279,unavailable,unavailable,unavailable,N/A,unavailable,N/A
279,279,280,"
Sublimes (NIOSH, 2022)
","
-109.3 °F (USCG, 1999)
",2022,n,42.77777777777778,y
280,280,281,"
-312.7 °F at 760 mmHg (USCG, 1999)
","
-326 °F (USCG, 1999)
",155.55555555555557,y,163.33333333333334,y
281,281,282,unavailable,unavailable,unavailable,N/A,unavailable,N/A
282,282,283,unavailable,unavailable,unavailable,N/A,unavailable,N/A
283,283,284,"
213.3 °F at 760 mmHg (NTP, 1992)
","
47.1 °F (NTP, 1992)
",100.55555555555556,y,8.333333333333334,y
284,284,285,unavailable,unavailable,unavailable,N/A,unavailable,N/A
285,285,286,unavailable,unavailable,unavailable,N/A,unavailable,N/A
286,286,287,unavailable,unavailable,unavailable,N/A,unavailable,N/A
287,287,288,unavailable,unavailable,unavailable,N/A,unavailable,N/A
288,288,289,"
473 °F at 760 mmHg (sublimes) (NTP, 1992)
","
221 °F (NTP, 1992)
",245.0,y,105.0,y
289,289,290,unavailable,unavailable,unavailable,N/A,unavailable,N/A
290,290,291,unavailable,unavailable,unavailable,N/A,unavailable,N/A
291,291,292,unavailable,unavailable,unavailable,N/A,unavailable,N/A
292,292,293,unavailable,unavailable,unavailable,N/A,unavailable,N/A
293,293,294,"
Decomposes (NIOSH, 2022)
","
500 to 518 °F (Decomposes) (NIOSH, 2022)
",2022,n,260.0,y
294,294,295,unavailable,unavailable,unavailable,N/A,unavailable,N/A
295,295,296,unavailable,unavailable,unavailable,N/A,unavailable,N/A
296,296,297,"
-258 °F at 760 mmHg (USCG, 1999)
","
-296 °F (USCG, 1999)
",125.55555555555556,y,146.66666666666669,y
297,297,298,unavailable,unavailable,unavailable,N/A,unavailable,N/A
298,298,299,"
Sublimes with decomposition at 662.0 °F (USCG, 1999)
","
662 °F (decomposes) (NTP, 1992)
",350.0,y,350.0,y
299,299,300,"
372 °F at 760 mmHg (EPA, 1998)
","
145 °F (EPA, 1998)
",188.88888888888889,y,62.77777777777778,y
300,300,301,"
263 °C
","
100 °C
",263,y,100,y
301,301,302,unavailable,unavailable,unavailable,N/A,unavailable,N/A
302,302,303,unavailable,unavailable,unavailable,N/A,unavailable,N/A
303,303,304,unavailable,unavailable,unavailable,N/A,unavailable,N/A
304,304,305,113,"
244-247 °C (as chloride salt)
",113,n,244,y
305,305,306,unavailable,unavailable,unavailable,N/A,unavailable,N/A
306,306,307,unavailable,unavailable,unavailable,N/A,unavailable,N/A
307,307,308,"
250.00 to 258.00 °C. @ 760.00 mm Hg
","
33 °C
",250,y,33,y
308,308,309,unavailable,"
194-195 °C (WITH DECOMP)
",unavailable,N/A,194,y
309,309,310,unavailable,unavailable,unavailable,N/A,unavailable,N/A
310,310,311,"
Decomposes (NTP, 1992)
","
307 °F (anhydrous) (NTP, 1992)
",1992,n,152.77777777777777,y
311,311,312,unavailable,"
-101 °C
",unavailable,N/A,101,y
312,312,313,"
123 °F at 760 mmHg (USCG, 1999)
","
-174.6 °F (Melting point is -13.7 °F for a 39.17% weight/weight solution.) (EPA, 1998)
",50.55555555555556,y,78.88888888888889,y
313,313,314,unavailable,unavailable,unavailable,N/A,unavailable,N/A
314,314,315,unavailable,unavailable,unavailable,N/A,unavailable,N/A
315,315,316,unavailable,unavailable,unavailable,N/A,unavailable,N/A
316,316,317,unavailable,unavailable,unavailable,N/A,unavailable,N/A
317,317,318,unavailable,unavailable,unavailable,N/A,unavailable,N/A
318,318,319,unavailable,unavailable,unavailable,N/A,unavailable,N/A
319,319,320,unavailable,unavailable,unavailable,N/A,unavailable,N/A
320,320,321,unavailable,unavailable,unavailable,N/A,unavailable,N/A
321,321,322,unavailable,unavailable,unavailable,N/A,unavailable,N/A
322,322,323,"
568 °F at 760 mmHg (NTP, 1992)
","
154 to 158 °F (NTP, 1992)
",297.77777777777777,y,67.77777777777779,y
323,323,324,unavailable,unavailable,unavailable,N/A,unavailable,N/A
324,324,325,"
135.00 to 136.00 °C. @ 26.00 mm Hg
","
28 °C
",135,y,28,y
325,325,326,"
235.5 °C
",unavailable,235,y,unavailable,N/A
326,326,327,unavailable,unavailable,unavailable,N/A,unavailable,N/A
327,327,328,unavailable,"
103 - 106 °C
",unavailable,N/A,103,y
328,328,329,unavailable,unavailable,unavailable,N/A,unavailable,N/A
329,329,330,unavailable,unavailable,unavailable,N/A,unavailable,N/A
330,330,331,unavailable,unavailable,unavailable,N/A,unavailable,N/A
331,331,332,unavailable,unavailable,unavailable,N/A,unavailable,N/A
332,332,333,unavailable,unavailable,unavailable,N/A,unavailable,N/A
333,333,334,unavailable,unavailable,unavailable,N/A,unavailable,N/A
334,334,335,"
376 °F at 760 mmHg (EPA, 1998)
","
88 °F (EPA, 1998)
",191.11111111111111,y,31.111111111111114,y
335,335,336,unavailable,unavailable,unavailable,N/A,unavailable,N/A
336,336,337,unavailable,unavailable,unavailable,N/A,unavailable,N/A
337,337,338,"
211 °C at 20 torr
","
315 °F (USCG, 1999)
",211,y,157.22222222222223,y
338,338,339,unavailable,unavailable,unavailable,N/A,unavailable,N/A
339,339,340,241,68,241,n,68,n
340,340,341,unavailable,unavailable,unavailable,N/A,unavailable,N/A
341,341,342,"
397 °F at 760 mmHg (NTP, 1992)
","
52.7 °F (NTP, 1992)
",202.7777777777778,y,11.11111111111111,y
342,342,343,unavailable,unavailable,unavailable,N/A,unavailable,N/A
343,343,344,unavailable,unavailable,unavailable,N/A,unavailable,N/A
344,344,345,unavailable,unavailable,unavailable,N/A,unavailable,N/A
345,345,346,unavailable,unavailable,unavailable,N/A,unavailable,N/A
346,346,347,unavailable,unavailable,unavailable,N/A,unavailable,N/A
347,347,348,unavailable,unavailable,unavailable,N/A,unavailable,N/A
348,348,349,unavailable,unavailable,unavailable,N/A,unavailable,N/A
349,349,350,unavailable,unavailable,unavailable,N/A,unavailable,N/A
350,350,351,unavailable,unavailable,unavailable,N/A,unavailable,N/A
351,351,352,unavailable,unavailable,unavailable,N/A,unavailable,N/A
352,352,353,unavailable,unavailable,unavailable,N/A,unavailable,N/A
353,353,354,unavailable,unavailable,unavailable,N/A,unavailable,N/A
354,354,355,unavailable,unavailable,unavailable,N/A,unavailable,N/A
355,355,356,"
258.1 °F at 760 mmHg (USCG, 1999)
","
-70.2 °F (USCG, 1999)
",125.55555555555556,y,21.11111111111111,y
356,356,357,unavailable,unavailable,unavailable,N/A,unavailable,N/A
357,357,358,unavailable,unavailable,unavailable,N/A,unavailable,N/A
358,358,359,unavailable,"
218.5 °C
",unavailable,N/A,218,y
359,359,360,unavailable,unavailable,unavailable,N/A,unavailable,N/A
360,360,361,unavailable,unavailable,unavailable,N/A,unavailable,N/A
361,361,362,unavailable,unavailable,unavailable,N/A,unavailable,N/A
362,362,363,unavailable,unavailable,unavailable,N/A,unavailable,N/A
363,363,364,unavailable,unavailable,unavailable,N/A,unavailable,N/A
364,364,365,unavailable,unavailable,unavailable,N/A,unavailable,N/A
365,365,366,unavailable,"
153 - 154 °C
",unavailable,N/A,153,y
366,366,367,unavailable,unavailable,unavailable,N/A,unavailable,N/A
367,367,368,unavailable,unavailable,unavailable,N/A,unavailable,N/A
368,368,369,unavailable,unavailable,unavailable,N/A,unavailable,N/A
369,369,370,"
SUBLIMES (NTP, 1992)
","
432 to 464 °F (decomposes) (NTP, 1992)
",1992,n,222.22222222222223,y
370,370,371,unavailable,unavailable,unavailable,N/A,unavailable,N/A
371,371,372,unavailable,unavailable,unavailable,N/A,unavailable,N/A
372,372,373,unavailable,unavailable,unavailable,N/A,unavailable,N/A
373,373,374,unavailable,unavailable,unavailable,N/A,unavailable,N/A
374,374,375,unavailable,unavailable,unavailable,N/A,unavailable,N/A
375,375,376,unavailable,unavailable,unavailable,N/A,unavailable,N/A
376,376,377,unavailable,unavailable,unavailable,N/A,unavailable,N/A
377,377,378,unavailable,unavailable,unavailable,N/A,unavailable,N/A
378,378,379,"
463.5 °F at 760 mmHg (NTP, 1992)
","
61 to 62 °F (NTP, 1992)
",239.44444444444446,y,16.11111111111111,y
379,379,380,unavailable,unavailable,unavailable,N/A,unavailable,N/A
380,380,381,unavailable,unavailable,unavailable,N/A,unavailable,N/A
381,381,382,unavailable,unavailable,unavailable,N/A,unavailable,N/A
382,382,383,unavailable,unavailable,unavailable,N/A,unavailable,N/A
383,383,384,unavailable,unavailable,unavailable,N/A,unavailable,N/A
384,384,385,"
342.00 °C. @ 760.00 mm Hg
","
103 - 106 °C
",342,y,103,y
385,385,386,unavailable,unavailable,unavailable,N/A,unavailable,N/A
386,386,387,unavailable,unavailable,unavailable,N/A,unavailable,N/A
387,387,388,unavailable,unavailable,unavailable,N/A,unavailable,N/A
388,388,389,unavailable,unavailable,unavailable,N/A,unavailable,N/A
389,389,390,unavailable,unavailable,unavailable,N/A,unavailable,N/A
390,390,391,unavailable,unavailable,unavailable,N/A,unavailable,N/A
391,391,392,unavailable,unavailable,unavailable,N/A,unavailable,N/A
392,392,393,unavailable,unavailable,unavailable,N/A,unavailable,N/A
393,393,394,unavailable,unavailable,unavailable,N/A,unavailable,N/A
394,394,395,unavailable,unavailable,unavailable,N/A,unavailable,N/A
395,395,396,unavailable,unavailable,unavailable,N/A,unavailable,N/A
396,396,397,unavailable,"
150 - 151 °C
",unavailable,N/A,150,y
397,397,398,"
248.5 °F at 760 mmHg (NTP, 1992)
","
-135 °F (NTP, 1992)
",120.0,y,57.22222222222222,y
398,398,399,unavailable,unavailable,unavailable,N/A,unavailable,N/A
399,399,400,unavailable,unavailable,unavailable,N/A,unavailable,N/A
400,400,401,unavailable,unavailable,unavailable,N/A,unavailable,N/A
401,401,402,"
-76.59 °F at 760 mmHg (EPA, 1998)
","
-121.9 °F (EPA, 1998)
",24.444444444444446,y,49.44444444444445,y
402,402,403,"
543 °F at 760 mmHg (Decomposes) (NTP, 1992)
","
367 to 369 °F (NTP, 1992)
",283.8888888888889,y,186.11111111111111,y
403,403,404,unavailable,unavailable,unavailable,N/A,unavailable,N/A
404,404,405,unavailable,unavailable,unavailable,N/A,unavailable,N/A
405,405,406,unavailable,unavailable,unavailable,N/A,unavailable,N/A
406,406,407,unavailable,unavailable,unavailable,N/A,unavailable,N/A
407,407,408,unavailable,"
41 °C
",unavailable,N/A,41,y
408,408,409,unavailable,"
-79 °C
",unavailable,N/A,79,y
409,409,410,unavailable,unavailable,unavailable,N/A,unavailable,N/A
410,410,411,unavailable,unavailable,unavailable,N/A,unavailable,N/A
411,411,412,"
260 °C
",unavailable,260,y,unavailable,N/A
412,412,413,unavailable,unavailable,unavailable,N/A,unavailable,N/A
413,413,414,unavailable,unavailable,unavailable,N/A,unavailable,N/A
414,414,415,unavailable,unavailable,unavailable,N/A,unavailable,N/A
415,415,416,unavailable,unavailable,unavailable,N/A,unavailable,N/A
416,416,417,unavailable,unavailable,unavailable,N/A,unavailable,N/A
417,417,418,unavailable,unavailable,unavailable,N/A,unavailable,N/A
418,418,419,unavailable,unavailable,unavailable,N/A,unavailable,N/A
419,419,420,unavailable,unavailable,unavailable,N/A,unavailable,N/A
420,420,421,unavailable,unavailable,unavailable,N/A,unavailable,N/A
421,421,422,unavailable,unavailable,unavailable,N/A,unavailable,N/A
422,422,423,unavailable,unavailable,unavailable,N/A,unavailable,N/A
423,423,424,unavailable,unavailable,unavailable,N/A,unavailable,N/A
424,424,425,unavailable,unavailable,unavailable,N/A,unavailable,N/A
425,425,426,unavailable,unavailable,unavailable,N/A,unavailable,N/A
426,426,427,unavailable,unavailable,unavailable,N/A,unavailable,N/A
427,427,428,"
275.9 °F at 738 mmHg (NTP, 1992)
","
10 °F (NTP, 1992)
",135.0,y,-12.222222222222223,y
428,428,429,unavailable,unavailable,unavailable,N/A,unavailable,N/A
429,429,430,unavailable,unavailable,unavailable,N/A,unavailable,N/A
430,430,431,unavailable,unavailable,unavailable,N/A,unavailable,N/A
431,431,432,unavailable,unavailable,unavailable,N/A,unavailable,N/A
432,432,433,unavailable,unavailable,unavailable,N/A,unavailable,N/A
433,433,434,unavailable,unavailable,unavailable,N/A,unavailable,N/A
434,434,435,unavailable,unavailable,unavailable,N/A,unavailable,N/A
435,435,436,unavailable,unavailable,unavailable,N/A,unavailable,N/A
436,436,437,unavailable,unavailable,unavailable,N/A,unavailable,N/A
437,437,438,unavailable,unavailable,unavailable,N/A,unavailable,N/A
438,438,439,unavailable,unavailable,unavailable,N/A,unavailable,N/A
439,439,440,unavailable,unavailable,unavailable,N/A,unavailable,N/A
440,440,441,unavailable,unavailable,unavailable,N/A,unavailable,N/A
441,441,442,unavailable,unavailable,unavailable,N/A,unavailable,N/A
442,442,443,unavailable,unavailable,unavailable,N/A,unavailable,N/A
443,443,444,"
BP: 52 °C at 0.005 mm Hg
","
233-234 °C
",52,y,233,y
444,444,445,unavailable,unavailable,unavailable,N/A,unavailable,N/A
445,445,446,unavailable,unavailable,unavailable,N/A,unavailable,N/A
446,446,447,"
Sublimes (NTP, 1992)
","
316 °F (NTP, 1992)
",1992,n,157.77777777777777,y
447,447,448,unavailable,unavailable,unavailable,N/A,unavailable,N/A
448,448,449,unavailable,unavailable,unavailable,N/A,unavailable,N/A
449,449,450,unavailable,unavailable,unavailable,N/A,unavailable,N/A
450,450,451,unavailable,unavailable,unavailable,N/A,unavailable,N/A
451,451,452,unavailable,unavailable,unavailable,N/A,unavailable,N/A
452,452,453,unavailable,unavailable,unavailable,N/A,unavailable,N/A
453,453,454,"
171 °C
","
-23 °C
",171,y,23,y
454,454,455,unavailable,unavailable,unavailable,N/A,unavailable,N/A
455,455,456,unavailable,unavailable,unavailable,N/A,unavailable,N/A
456,456,457,unavailable,unavailable,unavailable,N/A,unavailable,N/A
457,457,458,unavailable,"
139 °C (decomposition)
",unavailable,N/A,139,y
458,458,459,unavailable,unavailable,unavailable,N/A,unavailable,N/A
459,459,460,"
greater than or equal to 397.4 °F at 760 mmHg (NTP, 1992)
","
less than -4 °F (NTP, 1992)
",202.7777777777778,y,-15.555555555555557,y
460,460,461,unavailable,unavailable,unavailable,N/A,unavailable,N/A
461,461,462,unavailable,unavailable,unavailable,N/A,unavailable,N/A
462,462,463,unavailable,unavailable,unavailable,N/A,unavailable,N/A
463,463,464,unavailable,"
187 - 191 °C
",unavailable,N/A,187,y
464,464,465,unavailable,unavailable,unavailable,N/A,unavailable,N/A
465,465,466,unavailable,unavailable,unavailable,N/A,unavailable,N/A
466,466,467,unavailable,unavailable,unavailable,N/A,unavailable,N/A
467,467,468,unavailable,unavailable,unavailable,N/A,unavailable,N/A
468,468,469,unavailable,unavailable,unavailable,N/A,unavailable,N/A
469,469,470,unavailable,unavailable,unavailable,N/A,unavailable,N/A
470,470,471,unavailable,unavailable,unavailable,N/A,unavailable,N/A
471,471,472,unavailable,unavailable,unavailable,N/A,unavailable,N/A
472,472,473,unavailable,unavailable,unavailable,N/A,unavailable,N/A
473,473,474,unavailable,unavailable,unavailable,N/A,unavailable,N/A
474,474,475,unavailable,unavailable,unavailable,N/A,unavailable,N/A
475,475,476,unavailable,unavailable,unavailable,N/A,unavailable,N/A
476,476,477,unavailable,unavailable,unavailable,N/A,unavailable,N/A
477,477,478,unavailable,unavailable,unavailable,N/A,unavailable,N/A
478,478,479,unavailable,unavailable,unavailable,N/A,unavailable,N/A
479,479,480,unavailable,unavailable,unavailable,N/A,unavailable,N/A
480,480,481,unavailable,unavailable,unavailable,N/A,unavailable,N/A
481,481,482,unavailable,unavailable,unavailable,N/A,unavailable,N/A
482,482,483,unavailable,unavailable,unavailable,N/A,unavailable,N/A
483,483,484,unavailable,unavailable,unavailable,N/A,unavailable,N/A
484,484,485,unavailable,unavailable,unavailable,N/A,unavailable,N/A
485,485,486,unavailable,unavailable,unavailable,N/A,unavailable,N/A
486,486,487,unavailable,"
135 °C
",unavailable,N/A,135,y
487,487,488,unavailable,unavailable,unavailable,N/A,unavailable,N/A
488,488,489,unavailable,unavailable,unavailable,N/A,unavailable,N/A
489,489,490,unavailable,unavailable,unavailable,N/A,unavailable,N/A
490,490,491,unavailable,unavailable,unavailable,N/A,unavailable,N/A
491,491,492,unavailable,unavailable,unavailable,N/A,unavailable,N/A
492,492,493,unavailable,unavailable,unavailable,N/A,unavailable,N/A
493,493,494,unavailable,unavailable,unavailable,N/A,unavailable,N/A
494,494,495,unavailable,unavailable,unavailable,N/A,unavailable,N/A
495,495,496,unavailable,unavailable,unavailable,N/A,unavailable,N/A
496,496,497,unavailable,unavailable,unavailable,N/A,unavailable,N/A
497,497,498,unavailable,unavailable,unavailable,N/A,unavailable,N/A
498,498,499,unavailable,unavailable,unavailable,N/A,unavailable,N/A
499,499,500,unavailable,unavailable,unavailable,N/A,unavailable,N/A
500,500,501,unavailable,unavailable,unavailable,N/A,unavailable,N/A
501,501,502,unavailable,unavailable,unavailable,N/A,unavailable,N/A
502,502,503,unavailable,unavailable,unavailable,N/A,unavailable,N/A
503,503,504,unavailable,unavailable,unavailable,N/A,unavailable,N/A
504,504,505,unavailable,unavailable,unavailable,N/A,unavailable,N/A
505,505,506,unavailable,unavailable,unavailable,N/A,unavailable,N/A
506,506,507,unavailable,unavailable,unavailable,N/A,unavailable,N/A
507,507,508,unavailable,unavailable,unavailable,N/A,unavailable,N/A
508,508,509,unavailable,unavailable,unavailable,N/A,unavailable,N/A
509,509,510,unavailable,unavailable,unavailable,N/A,unavailable,N/A
510,510,511,unavailable,unavailable,unavailable,N/A,unavailable,N/A
511,511,512,unavailable,unavailable,unavailable,N/A,unavailable,N/A
512,512,513,unavailable,unavailable,unavailable,N/A,unavailable,N/A
513,513,514,unavailable,unavailable,unavailable,N/A,unavailable,N/A
514,514,515,unavailable,unavailable,unavailable,N/A,unavailable,N/A
515,515,516,unavailable,unavailable,unavailable,N/A,unavailable,N/A
516,516,517,unavailable,unavailable,unavailable,N/A,unavailable,N/A
517,517,518,unavailable,unavailable,unavailable,N/A,unavailable,N/A
518,518,519,unavailable,unavailable,unavailable,N/A,unavailable,N/A
519,519,520,unavailable,unavailable,unavailable,N/A,unavailable,N/A
520,520,521,unavailable,unavailable,unavailable,N/A,unavailable,N/A
521,521,522,unavailable,unavailable,unavailable,N/A,unavailable,N/A
522,522,523,unavailable,unavailable,unavailable,N/A,unavailable,N/A
523,523,524,unavailable,unavailable,unavailable,N/A,unavailable,N/A
524,524,525,"
Decomposes at >225 °C and <235 °C (BP not determinable) /OECD Guideline 103 (Boiling point/boiling range)/
","
127-132 °C
",225,y,127,y
525,525,526,unavailable,unavailable,unavailable,N/A,unavailable,N/A
526,526,527,"
120 °F at 760 mmHg (NTP, 1992)
","
-114 °F (NTP, 1992)
",48.88888888888889,y,45.55555555555556,y
527,527,528,unavailable,"
200 °C
",unavailable,N/A,200,y
528,528,529,unavailable,unavailable,unavailable,N/A,unavailable,N/A
529,529,530,unavailable,unavailable,unavailable,N/A,unavailable,N/A
530,530,531,unavailable,unavailable,unavailable,N/A,unavailable,N/A
531,531,532,unavailable,unavailable,unavailable,N/A,unavailable,N/A
532,532,533,"
-41.3 °C
","
-65.73 °C
",41,y,65,y
533,533,534,unavailable,unavailable,unavailable,N/A,unavailable,N/A
534,534,535,unavailable,"
229 - 231 °C
",unavailable,N/A,229,y
535,535,536,unavailable,unavailable,unavailable,N/A,unavailable,N/A
536,536,537,unavailable,unavailable,unavailable,N/A,unavailable,N/A
537,537,538,unavailable,unavailable,unavailable,N/A,unavailable,N/A
538,538,539,unavailable,unavailable,unavailable,N/A,unavailable,N/A
539,539,540,unavailable,unavailable,unavailable,N/A,unavailable,N/A
540,540,541,unavailable,unavailable,unavailable,N/A,unavailable,N/A
541,541,542,unavailable,unavailable,unavailable,N/A,unavailable,N/A
542,542,543,unavailable,unavailable,unavailable,N/A,unavailable,N/A
543,543,544,unavailable,unavailable,unavailable,N/A,unavailable,N/A
544,544,545,"
465 °C
",unavailable,465,y,unavailable,N/A
545,545,546,unavailable,"
143-146 °C
",unavailable,N/A,143,y
546,546,547,unavailable,"
168 °C
",unavailable,N/A,168,y
547,547,548,unavailable,unavailable,unavailable,N/A,unavailable,N/A
548,548,549,unavailable,unavailable,unavailable,N/A,unavailable,N/A
549,549,550,unavailable,unavailable,unavailable,N/A,unavailable,N/A
550,550,551,unavailable,unavailable,unavailable,N/A,unavailable,N/A
551,551,552,unavailable,unavailable,unavailable,N/A,unavailable,N/A
552,552,553,unavailable,unavailable,unavailable,N/A,unavailable,N/A
553,553,554,unavailable,unavailable,unavailable,N/A,unavailable,N/A
554,554,555,unavailable,unavailable,unavailable,N/A,unavailable,N/A
555,555,556,unavailable,unavailable,unavailable,N/A,unavailable,N/A
556,556,557,unavailable,unavailable,unavailable,N/A,unavailable,N/A
557,557,558,unavailable,unavailable,unavailable,N/A,unavailable,N/A
558,558,559,unavailable,unavailable,unavailable,N/A,unavailable,N/A
559,559,560,unavailable,unavailable,unavailable,N/A,unavailable,N/A
560,560,561,unavailable,unavailable,unavailable,N/A,unavailable,N/A
561,561,562,unavailable,unavailable,unavailable,N/A,unavailable,N/A
562,562,563,"
244.00 to 247.00 °C. @ 760.00 mm Hg
",unavailable,244,y,unavailable,N/A
563,563,564,"
255.64 °C. @ 760.00 mm Hg (est)
","
202-203 °C
",255,y,202,y
564,564,565,unavailable,unavailable,unavailable,N/A,unavailable,N/A
565,565,566,unavailable,unavailable,unavailable,N/A,unavailable,N/A
566,566,567,unavailable,unavailable,unavailable,N/A,unavailable,N/A
567,567,568,"
549 °F at 760 mmHg (NTP, 1992)
","
187 to 189 °F (NTP, 1992)
",287.22222222222223,y,86.11111111111111,y
568,568,569,unavailable,unavailable,unavailable,N/A,unavailable,N/A
569,569,570,unavailable,unavailable,unavailable,N/A,unavailable,N/A
570,570,571,unavailable,unavailable,unavailable,N/A,unavailable,N/A
571,571,572,unavailable,unavailable,unavailable,N/A,unavailable,N/A
572,572,573,unavailable,unavailable,unavailable,N/A,unavailable,N/A
573,573,574,unavailable,unavailable,unavailable,N/A,unavailable,N/A
574,574,575,unavailable,unavailable,unavailable,N/A,unavailable,N/A
575,575,576,unavailable,unavailable,unavailable,N/A,unavailable,N/A
576,576,577,unavailable,unavailable,unavailable,N/A,unavailable,N/A
577,577,578,unavailable,unavailable,unavailable,N/A,unavailable,N/A
578,578,579,unavailable,unavailable,unavailable,N/A,unavailable,N/A
579,579,580,unavailable,unavailable,unavailable,N/A,unavailable,N/A
580,580,581,unavailable,unavailable,unavailable,N/A,unavailable,N/A
581,581,582,unavailable,unavailable,unavailable,N/A,unavailable,N/A
582,582,583,unavailable,unavailable,unavailable,N/A,unavailable,N/A
583,583,584,unavailable,unavailable,unavailable,N/A,unavailable,N/A
584,584,585,unavailable,unavailable,unavailable,N/A,unavailable,N/A
585,585,586,unavailable,"
Decomposes at 303 °C
",unavailable,N/A,303,y
586,586,587,unavailable,unavailable,unavailable,N/A,unavailable,N/A
587,587,588,unavailable,"
303 °C (decomposes)
",unavailable,N/A,303,y
588,588,589,unavailable,unavailable,unavailable,N/A,unavailable,N/A
589,589,590,unavailable,unavailable,unavailable,N/A,unavailable,N/A
590,590,591,unavailable,unavailable,unavailable,N/A,unavailable,N/A
591,591,592,unavailable,unavailable,unavailable,N/A,unavailable,N/A
592,592,593,unavailable,unavailable,unavailable,N/A,unavailable,N/A
593,593,594,unavailable,unavailable,unavailable,N/A,unavailable,N/A
594,594,595,unavailable,unavailable,unavailable,N/A,unavailable,N/A
595,595,596,unavailable,unavailable,unavailable,N/A,unavailable,N/A
596,596,597,unavailable,"
> 300 °C
",unavailable,N/A,300,y
597,597,598,unavailable,unavailable,unavailable,N/A,unavailable,N/A
598,598,599,unavailable,unavailable,unavailable,N/A,unavailable,N/A
599,599,600,unavailable,unavailable,unavailable,N/A,unavailable,N/A
600,600,601,unavailable,unavailable,unavailable,N/A,unavailable,N/A
601,601,602,unavailable,unavailable,unavailable,N/A,unavailable,N/A
602,602,603,unavailable,unavailable,unavailable,N/A,unavailable,N/A
603,603,604,unavailable,unavailable,unavailable,N/A,unavailable,N/A
604,604,605,unavailable,unavailable,unavailable,N/A,unavailable,N/A
605,605,606,unavailable,unavailable,unavailable,N/A,unavailable,N/A
606,606,607,unavailable,unavailable,unavailable,N/A,unavailable,N/A
607,607,608,unavailable,unavailable,unavailable,N/A,unavailable,N/A
608,608,609,unavailable,unavailable,unavailable,N/A,unavailable,N/A
609,609,610,unavailable,unavailable,unavailable,N/A,unavailable,N/A
610,610,611,unavailable,unavailable,unavailable,N/A,unavailable,N/A
611,611,612,"
122 °C at 15 mm Hg
","
16.8 °C
",122,y,16,y
612,612,613,unavailable,unavailable,unavailable,N/A,unavailable,N/A
613,613,614,unavailable,unavailable,unavailable,N/A,unavailable,N/A
614,614,615,unavailable,unavailable,unavailable,N/A,unavailable,N/A
615,615,616,unavailable,unavailable,unavailable,N/A,unavailable,N/A
616,616,617,unavailable,unavailable,unavailable,N/A,unavailable,N/A
617,617,618,unavailable,unavailable,unavailable,N/A,unavailable,N/A
618,618,619,unavailable,unavailable,unavailable,N/A,unavailable,N/A
619,619,620,unavailable,unavailable,unavailable,N/A,unavailable,N/A
620,620,621,unavailable,unavailable,unavailable,N/A,unavailable,N/A
621,621,622,unavailable,unavailable,unavailable,N/A,unavailable,N/A
622,622,623,unavailable,unavailable,unavailable,N/A,unavailable,N/A
623,623,624,unavailable,unavailable,unavailable,N/A,unavailable,N/A
624,624,625,unavailable,unavailable,unavailable,N/A,unavailable,N/A
625,625,626,unavailable,unavailable,unavailable,N/A,unavailable,N/A
626,626,627,unavailable,unavailable,unavailable,N/A,unavailable,N/A
627,627,628,unavailable,unavailable,unavailable,N/A,unavailable,N/A
628,628,629,unavailable,unavailable,unavailable,N/A,unavailable,N/A
629,629,630,unavailable,unavailable,unavailable,N/A,unavailable,N/A
630,630,631,unavailable,unavailable,unavailable,N/A,unavailable,N/A
631,631,632,unavailable,unavailable,unavailable,N/A,unavailable,N/A
632,632,633,unavailable,unavailable,unavailable,N/A,unavailable,N/A
633,633,634,unavailable,unavailable,unavailable,N/A,unavailable,N/A
634,634,635,unavailable,unavailable,unavailable,N/A,unavailable,N/A
635,635,636,unavailable,unavailable,unavailable,N/A,unavailable,N/A
636,636,637,unavailable,unavailable,unavailable,N/A,unavailable,N/A
637,637,638,unavailable,unavailable,unavailable,N/A,unavailable,N/A
638,638,639,unavailable,unavailable,unavailable,N/A,unavailable,N/A
639,639,640,unavailable,unavailable,unavailable,N/A,unavailable,N/A
640,640,641,unavailable,unavailable,unavailable,N/A,unavailable,N/A
641,641,642,unavailable,unavailable,unavailable,N/A,unavailable,N/A
642,642,643,unavailable,unavailable,unavailable,N/A,unavailable,N/A
643,643,644,unavailable,unavailable,unavailable,N/A,unavailable,N/A
644,644,645,unavailable,unavailable,unavailable,N/A,unavailable,N/A
645,645,646,unavailable,unavailable,unavailable,N/A,unavailable,N/A
646,646,647,unavailable,"
234 - 238 °C
",unavailable,N/A,234,y
647,647,648,unavailable,unavailable,unavailable,N/A,unavailable,N/A
648,648,649,unavailable,"
279 - 281 °C
",unavailable,N/A,279,y
649,649,650,"
190 °F at 760 mmHg (NTP, 1992)
","
27.7 °F (NTP, 1992)
",87.77777777777779,y,-2.7777777777777777,y
650,650,651,unavailable,unavailable,unavailable,N/A,unavailable,N/A
651,651,652,unavailable,unavailable,unavailable,N/A,unavailable,N/A
652,652,653,unavailable,unavailable,unavailable,N/A,unavailable,N/A
653,653,654,unavailable,unavailable,unavailable,N/A,unavailable,N/A
654,654,655,unavailable,unavailable,unavailable,N/A,unavailable,N/A
655,655,656,unavailable,unavailable,unavailable,N/A,unavailable,N/A
656,656,657,unavailable,unavailable,unavailable,N/A,unavailable,N/A
657,657,658,unavailable,unavailable,unavailable,N/A,unavailable,N/A
658,658,659,unavailable,unavailable,unavailable,N/A,unavailable,N/A
659,659,660,"
522 °F at 760 mmHg (NTP, 1992)
","
77 °F (NTP, 1992)
",272.22222222222223,y,25.0,y
660,660,661,unavailable,unavailable,unavailable,N/A,unavailable,N/A
661,661,662,unavailable,unavailable,unavailable,N/A,unavailable,N/A
662,662,663,unavailable,unavailable,unavailable,N/A,unavailable,N/A
663,663,664,unavailable,unavailable,unavailable,N/A,unavailable,N/A
664,664,665,unavailable,unavailable,unavailable,N/A,unavailable,N/A
665,665,666,unavailable,unavailable,unavailable,N/A,unavailable,N/A
666,666,667,unavailable,unavailable,unavailable,N/A,unavailable,N/A
667,667,668,unavailable,unavailable,unavailable,N/A,unavailable,N/A
668,668,669,unavailable,unavailable,unavailable,N/A,unavailable,N/A
669,669,670,unavailable,"
90 °C
",unavailable,N/A,90,y
670,670,671,unavailable,unavailable,unavailable,N/A,unavailable,N/A
671,671,672,unavailable,unavailable,unavailable,N/A,unavailable,N/A
672,672,673,63.9,"
185.5 °C
",63,n,185,y
673,673,674,"
45.3 °F at 760 mmHg (NTP, 1992)
","
-135 °F (NTP, 1992)
",7.222222222222222,y,57.22222222222222,y
674,674,675,unavailable,"
205.5 °C
",unavailable,N/A,205,y
675,675,676,unavailable,unavailable,unavailable,N/A,unavailable,N/A
676,676,677,unavailable,unavailable,unavailable,N/A,unavailable,N/A
677,677,678,unavailable,unavailable,unavailable,N/A,unavailable,N/A
678,678,679,"
372 °F at 760 mmHg (NTP, 1992)
","
65.3 °F (NTP, 1992)
",188.88888888888889,y,18.333333333333336,y
679,679,680,unavailable,unavailable,unavailable,N/A,unavailable,N/A
680,680,681,227,"
128 °C
",227,n,128,y
681,681,682,unavailable,unavailable,unavailable,N/A,unavailable,N/A
682,682,683,unavailable,unavailable,unavailable,N/A,unavailable,N/A
683,683,684,unavailable,unavailable,unavailable,N/A,unavailable,N/A
684,684,685,unavailable,unavailable,unavailable,N/A,unavailable,N/A
685,685,686,unavailable,unavailable,unavailable,N/A,unavailable,N/A
686,686,687,unavailable,unavailable,unavailable,N/A,unavailable,N/A
687,687,688,unavailable,unavailable,unavailable,N/A,unavailable,N/A
688,688,689,unavailable,unavailable,unavailable,N/A,unavailable,N/A
689,689,690,unavailable,unavailable,unavailable,N/A,unavailable,N/A
690,690,691,unavailable,unavailable,unavailable,N/A,unavailable,N/A
691,691,692,unavailable,unavailable,unavailable,N/A,unavailable,N/A
692,692,693,unavailable,unavailable,unavailable,N/A,unavailable,N/A
693,693,694,unavailable,unavailable,unavailable,N/A,unavailable,N/A
694,694,695,unavailable,unavailable,unavailable,N/A,unavailable,N/A
695,695,696,unavailable,unavailable,unavailable,N/A,unavailable,N/A
696,696,697,unavailable,unavailable,unavailable,N/A,unavailable,N/A
697,697,698,unavailable,unavailable,unavailable,N/A,unavailable,N/A
698,698,699,unavailable,unavailable,unavailable,N/A,unavailable,N/A
699,699,700,"
338 °F at 760 mmHg (NTP, 1992)
","
50.5 °F (NTP, 1992)
",170.0,y,10.0,y
700,700,701,unavailable,unavailable,unavailable,N/A,unavailable,N/A
701,701,702,"
173.3 °F at 760 mmHg (NTP, 1992)
","
-173.4 °F (NTP, 1992)
",78.33333333333334,y,78.33333333333334,y
702,702,703,unavailable,unavailable,unavailable,N/A,unavailable,N/A
703,703,704,unavailable,unavailable,unavailable,N/A,unavailable,N/A
704,704,705,unavailable,unavailable,unavailable,N/A,unavailable,N/A
705,705,706,unavailable,unavailable,unavailable,N/A,unavailable,N/A
706,706,707,unavailable,unavailable,unavailable,N/A,unavailable,N/A
707,707,708,unavailable,unavailable,unavailable,N/A,unavailable,N/A
708,708,709,unavailable,unavailable,unavailable,N/A,unavailable,N/A
709,709,710,unavailable,unavailable,unavailable,N/A,unavailable,N/A
710,710,711,unavailable,unavailable,unavailable,N/A,unavailable,N/A
711,711,712,"
-6 °F at 760 mmHg (NIOSH, 2022)
","
-134 °F (NIOSH, 2022)
",-14.444444444444445,y,56.66666666666667,y
712,712,713,"
410 °F at 760 mmHg (decomposes) (NTP, 1992)
","
36.5 °F (NTP, 1992)
",210.0,y,2.2222222222222223,y
713,713,714,unavailable,unavailable,unavailable,N/A,unavailable,N/A
714,714,715,unavailable,unavailable,unavailable,N/A,unavailable,N/A
715,715,716,unavailable,unavailable,unavailable,N/A,unavailable,N/A
716,716,717,unavailable,unavailable,unavailable,N/A,unavailable,N/A
717,717,718,unavailable,unavailable,unavailable,N/A,unavailable,N/A
718,718,719,unavailable,unavailable,unavailable,N/A,unavailable,N/A
719,719,720,unavailable,unavailable,unavailable,N/A,unavailable,N/A
720,720,721,unavailable,unavailable,unavailable,N/A,unavailable,N/A
721,721,722,unavailable,unavailable,unavailable,N/A,unavailable,N/A
722,722,723,unavailable,unavailable,unavailable,N/A,unavailable,N/A
723,723,724,unavailable,unavailable,unavailable,N/A,unavailable,N/A
724,724,725,unavailable,unavailable,unavailable,N/A,unavailable,N/A
725,725,726,unavailable,unavailable,unavailable,N/A,unavailable,N/A
726,726,727,"
550 °F at 760 mmHg (NTP, 1992)
","
316 °F (NTP, 1992)
",287.77777777777777,y,157.77777777777777,y
727,727,728,unavailable,unavailable,unavailable,N/A,unavailable,N/A
728,728,729,unavailable,unavailable,unavailable,N/A,unavailable,N/A
729,729,730,unavailable,unavailable,unavailable,N/A,unavailable,N/A
730,730,731,unavailable,unavailable,unavailable,N/A,unavailable,N/A
731,731,732,unavailable,unavailable,unavailable,N/A,unavailable,N/A
732,732,733,unavailable,unavailable,unavailable,N/A,unavailable,N/A
733,733,734,unavailable,unavailable,unavailable,N/A,unavailable,N/A
734,734,735,unavailable,unavailable,unavailable,N/A,unavailable,N/A
735,735,736,unavailable,unavailable,unavailable,N/A,unavailable,N/A
736,736,737,unavailable,unavailable,unavailable,N/A,unavailable,N/A
737,737,738,unavailable,unavailable,unavailable,N/A,unavailable,N/A
738,738,739,unavailable,unavailable,unavailable,N/A,unavailable,N/A
739,739,740,unavailable,unavailable,unavailable,N/A,unavailable,N/A
740,740,741,unavailable,unavailable,unavailable,N/A,unavailable,N/A
741,741,742,unavailable,unavailable,unavailable,N/A,unavailable,N/A
742,742,743,"
576 to 579 °F at 760 mmHg (decomposes) (NTP, 1992)
","
207.5 °F (NTP, 1992)
",302.22222222222223,y,97.22222222222223,y
743,743,744,unavailable,unavailable,unavailable,N/A,unavailable,N/A
744,744,745,unavailable,unavailable,unavailable,N/A,unavailable,N/A
745,745,746,unavailable,unavailable,unavailable,N/A,unavailable,N/A
746,746,747,unavailable,unavailable,unavailable,N/A,unavailable,N/A
747,747,748,unavailable,unavailable,unavailable,N/A,unavailable,N/A
748,748,749,unavailable,unavailable,unavailable,N/A,unavailable,N/A
749,749,750,unavailable,"
451 °F (NTP, 1992)
",unavailable,N/A,232.7777777777778,y
750,750,751,unavailable,"
145 °C
",unavailable,N/A,145,y
751,751,752,unavailable,unavailable,unavailable,N/A,unavailable,N/A
752,752,753,"
554 °F at 760 mmHg (decomposes) (NTP, 1992)
","
64 °F (NTP, 1992)
",290.0,y,17.77777777777778,y
753,753,754,unavailable,unavailable,unavailable,N/A,unavailable,N/A
754,754,755,unavailable,unavailable,unavailable,N/A,unavailable,N/A
755,755,756,unavailable,"
97 °C
",unavailable,N/A,97,y
756,756,757,"
100 °C
","
78-80 °C (alpha-modification); 63 °C (beta-modification, metastable)
",100,y,78,y
757,757,758,unavailable,unavailable,unavailable,N/A,unavailable,N/A
758,758,759,unavailable,unavailable,unavailable,N/A,unavailable,N/A
759,759,760,unavailable,"
98 °C
",unavailable,N/A,98,y
760,760,761,unavailable,unavailable,unavailable,N/A,unavailable,N/A
761,761,762,unavailable,unavailable,unavailable,N/A,unavailable,N/A
762,762,763,unavailable,unavailable,unavailable,N/A,unavailable,N/A
763,763,764,unavailable,unavailable,unavailable,N/A,unavailable,N/A
764,764,765,unavailable,unavailable,unavailable,N/A,unavailable,N/A
765,765,766,unavailable,unavailable,unavailable,N/A,unavailable,N/A
766,766,767,unavailable,"
720 °C
",unavailable,N/A,720,y
767,767,768,"
25.63 °C
","
-13.28 °C
",25,y,13,y
768,768,769,unavailable,unavailable,unavailable,N/A,unavailable,N/A
769,769,770,unavailable,unavailable,unavailable,N/A,unavailable,N/A
770,770,771,unavailable,unavailable,unavailable,N/A,unavailable,N/A
771,771,772,unavailable,"
>228
",unavailable,N/A,228,n
772,772,773,unavailable,unavailable,unavailable,N/A,unavailable,N/A
773,773,774,"
209-210 °C @ 18 MM HG
","
83-84 °C
",209,y,83,y
774,774,775,unavailable,unavailable,unavailable,N/A,unavailable,N/A
775,775,776,unavailable,unavailable,unavailable,N/A,unavailable,N/A
776,776,777,unavailable,198,unavailable,N/A,198,n
777,777,778,unavailable,unavailable,unavailable,N/A,unavailable,N/A
778,778,779,unavailable,unavailable,unavailable,N/A,unavailable,N/A
779,779,780,unavailable,"
153 °C
",unavailable,N/A,153,y
780,780,781,unavailable,"
5 °C
",unavailable,N/A,5,y
781,781,782,unavailable,unavailable,unavailable,N/A,unavailable,N/A
782,782,783,"
-423 °F at 760 mmHg (USCG, 1999)
","
-434 °F (USCG, 1999)
",217.22222222222223,y,223.33333333333334,y
783,783,784,"
302.4 °F at 760 mmHg (NTP, 1992)
","
31.3 °F (NTP, 1992)
",150.0,y,-0.5555555555555556,y
784,784,785,"
545 to 549 °F at 760 mmHg (EPA, 1998)
","
338 to 340 °F (EPA, 1998)
",285.0,y,170.0,y
785,785,786,unavailable,unavailable,unavailable,N/A,unavailable,N/A
786,786,787,"
133.7 °F 22 mm 158 °F 60 mm (USCG, 1999)
","
91.49 °F (USCG, 1999)
",56.111111111111114,y,32.77777777777778,y
787,787,788,unavailable,unavailable,unavailable,N/A,unavailable,N/A
788,788,789,unavailable,unavailable,unavailable,N/A,unavailable,N/A
789,789,790,unavailable,"
150 °C
",unavailable,N/A,150,y
790,790,791,"
225.00 to 226.00 °C. @ 760.00 mm Hg
","
275 °C
",225,y,275,y
791,791,792,unavailable,unavailable,unavailable,N/A,unavailable,N/A
792,792,793,unavailable,unavailable,unavailable,N/A,unavailable,N/A
793,793,794,unavailable,unavailable,unavailable,N/A,unavailable,N/A
794,794,795,"
257 °C
","
89.52 °C
",257,y,89,y
795,795,796,unavailable,unavailable,unavailable,N/A,unavailable,N/A
796,796,797,unavailable,unavailable,unavailable,N/A,unavailable,N/A
797,797,798,"
253 °C @ 762 mm Hg; 128-133 °C @ 28 mm Hg
","
52 °C
",253,y,52,y
798,798,799,unavailable,unavailable,unavailable,N/A,unavailable,N/A
799,799,800,unavailable,unavailable,unavailable,N/A,unavailable,N/A
800,800,801,unavailable,unavailable,unavailable,N/A,unavailable,N/A
801,801,802,unavailable,"
168.5 °C
",unavailable,N/A,168,y
802,802,803,unavailable,unavailable,unavailable,N/A,unavailable,N/A
803,803,804,unavailable,unavailable,unavailable,N/A,unavailable,N/A
804,804,805,unavailable,unavailable,unavailable,N/A,unavailable,N/A
805,805,806,unavailable,unavailable,unavailable,N/A,unavailable,N/A
806,806,807,"
365 °F at 760 mmHg (NIOSH, 2022)
","
236 °F (NIOSH, 2022)
",185.0,y,113.33333333333334,y
807,807,808,unavailable,unavailable,unavailable,N/A,unavailable,N/A
808,808,809,unavailable,unavailable,unavailable,N/A,unavailable,N/A
809,809,810,unavailable,unavailable,unavailable,N/A,unavailable,N/A
810,810,811,"
268 °C, SUBLIMES
","
162-164 °C WITH DECOMP, ALSO REPORTED AS 172 °C
",268,y,162,y
811,811,812,unavailable,unavailable,unavailable,N/A,unavailable,N/A
812,812,813,1689,"
63.2 °C
",1689,n,63,y
813,813,814,unavailable,unavailable,unavailable,N/A,unavailable,N/A
814,814,815,unavailable,unavailable,unavailable,N/A,unavailable,N/A
815,815,816,unavailable,unavailable,unavailable,N/A,unavailable,N/A
816,816,817,unavailable,unavailable,unavailable,N/A,unavailable,N/A
817,817,818,unavailable,unavailable,unavailable,N/A,unavailable,N/A
818,818,819,unavailable,unavailable,unavailable,N/A,unavailable,N/A
819,819,820,unavailable,unavailable,unavailable,N/A,unavailable,N/A
820,820,821,unavailable,unavailable,unavailable,N/A,unavailable,N/A
821,821,822,unavailable,unavailable,unavailable,N/A,unavailable,N/A
822,822,823,unavailable,unavailable,unavailable,N/A,unavailable,N/A
823,823,824,unavailable,unavailable,unavailable,N/A,unavailable,N/A
824,824,825,unavailable,unavailable,unavailable,N/A,unavailable,N/A
825,825,826,unavailable,unavailable,unavailable,N/A,unavailable,N/A
826,826,827,unavailable,unavailable,unavailable,N/A,unavailable,N/A
827,827,828,unavailable,unavailable,unavailable,N/A,unavailable,N/A
828,828,829,unavailable,unavailable,unavailable,N/A,unavailable,N/A
829,829,830,unavailable,unavailable,unavailable,N/A,unavailable,N/A
830,830,831,unavailable,unavailable,unavailable,N/A,unavailable,N/A
831,831,832,unavailable,unavailable,unavailable,N/A,unavailable,N/A
832,832,833,unavailable,unavailable,unavailable,N/A,unavailable,N/A
833,833,834,unavailable,unavailable,unavailable,N/A,unavailable,N/A
834,834,835,unavailable,unavailable,unavailable,N/A,unavailable,N/A
835,835,836,unavailable,"
270 °C
",unavailable,N/A,270,y
836,836,837,unavailable,unavailable,unavailable,N/A,unavailable,N/A
837,837,838,unavailable,"
412 to 414 °F (NTP, 1992)
",unavailable,N/A,211.11111111111111,y
838,838,839,unavailable,unavailable,unavailable,N/A,unavailable,N/A
839,839,840,unavailable,unavailable,unavailable,N/A,unavailable,N/A
840,840,841,unavailable,unavailable,unavailable,N/A,unavailable,N/A
841,841,842,unavailable,unavailable,unavailable,N/A,unavailable,N/A
842,842,843,unavailable,unavailable,unavailable,N/A,unavailable,N/A
843,843,844,unavailable,unavailable,unavailable,N/A,unavailable,N/A
844,844,845,unavailable,unavailable,unavailable,N/A,unavailable,N/A
845,845,846,unavailable,unavailable,unavailable,N/A,unavailable,N/A
846,846,847,unavailable,unavailable,unavailable,N/A,unavailable,N/A
847,847,848,unavailable,unavailable,unavailable,N/A,unavailable,N/A
848,848,849,unavailable,"
264 °C
",unavailable,N/A,264,y
849,849,850,unavailable,unavailable,unavailable,N/A,unavailable,N/A
850,850,851,unavailable,unavailable,unavailable,N/A,unavailable,N/A
851,851,852,unavailable,unavailable,unavailable,N/A,unavailable,N/A
852,852,853,unavailable,unavailable,unavailable,N/A,unavailable,N/A
853,853,854,unavailable,unavailable,unavailable,N/A,unavailable,N/A
854,854,855,unavailable,unavailable,unavailable,N/A,unavailable,N/A
855,855,856,unavailable,unavailable,unavailable,N/A,unavailable,N/A
856,856,857,unavailable,unavailable,unavailable,N/A,unavailable,N/A
857,857,858,unavailable,unavailable,unavailable,N/A,unavailable,N/A
858,858,859,unavailable,unavailable,unavailable,N/A,unavailable,N/A
859,859,860,unavailable,"
29.5 - 30 °C
",unavailable,N/A,29,y
860,860,861,unavailable,unavailable,unavailable,N/A,unavailable,N/A
861,861,862,unavailable,unavailable,unavailable,N/A,unavailable,N/A
862,862,863,unavailable,"
126.0 - 129.0 °C
",unavailable,N/A,126,y
863,863,864,unavailable,"
47.5-48 °C
",unavailable,N/A,47,y
864,864,865,unavailable,unavailable,unavailable,N/A,unavailable,N/A
865,865,866,unavailable,unavailable,unavailable,N/A,unavailable,N/A
866,866,867,"
284 °F at 760 mmHg (decomposes) (NTP, 1992)
","
276.1 °F (NTP, 1992)
",140.0,y,135.55555555555557,y
867,867,868,unavailable,unavailable,unavailable,N/A,unavailable,N/A
868,868,869,unavailable,unavailable,unavailable,N/A,unavailable,N/A
869,869,870,unavailable,unavailable,unavailable,N/A,unavailable,N/A
870,870,871,unavailable,unavailable,unavailable,N/A,unavailable,N/A
871,871,872,unavailable,unavailable,unavailable,N/A,unavailable,N/A
872,872,873,"
335.90 °C. @ 760.00 mm Hg (est)
","
82 - 83 °C
",335,y,82,y
873,873,874,unavailable,unavailable,unavailable,N/A,unavailable,N/A
874,874,875,unavailable,"
206 °C
",unavailable,N/A,206,y
875,875,876,"
300.00 to 301.00 °C. @ 760.00 mm Hg
","
281 °C
",300,y,281,y
876,876,877,unavailable,unavailable,unavailable,N/A,unavailable,N/A
877,877,878,"
42.7 °F at 760 mmHg (EPA, 1998)
","
-189.4 °F (EPA, 1998)
",5.555555555555555,y,87.22222222222223,y
878,878,879,unavailable,unavailable,unavailable,N/A,unavailable,N/A
879,879,880,"
162 °F at 760 mmHg (NTP, 1992)
","
< 25 °C
",72.22222222222223,y,25,y
880,880,881,unavailable,unavailable,unavailable,N/A,unavailable,N/A
881,881,882,unavailable,unavailable,unavailable,N/A,unavailable,N/A
882,882,883,unavailable,unavailable,unavailable,N/A,unavailable,N/A
883,883,884,unavailable,unavailable,unavailable,N/A,unavailable,N/A
884,884,885,unavailable,unavailable,unavailable,N/A,unavailable,N/A
885,885,886,unavailable,unavailable,unavailable,N/A,unavailable,N/A
886,886,887,"
148.3 °F at 760 mmHg (NTP, 1992)
","
-144 °F (NTP, 1992)
",64.44444444444444,y,62.22222222222223,y
887,887,888,1100,"
651 °C
",1100,n,651,y
888,888,889,unavailable,unavailable,unavailable,N/A,unavailable,N/A
889,889,890,unavailable,unavailable,unavailable,N/A,unavailable,N/A
890,890,891,unavailable,unavailable,unavailable,N/A,unavailable,N/A
891,891,892,291.33,224.5,291,n,224,n
892,892,893,unavailable,unavailable,unavailable,N/A,unavailable,N/A
893,893,894,unavailable,unavailable,unavailable,N/A,unavailable,N/A
894,894,895,unavailable,unavailable,unavailable,N/A,unavailable,N/A
895,895,896,unavailable,"
116-118 °C
",unavailable,N/A,116,y
896,896,897,unavailable,unavailable,unavailable,N/A,unavailable,N/A
897,897,898,unavailable,unavailable,unavailable,N/A,unavailable,N/A
898,898,899,unavailable,unavailable,unavailable,N/A,unavailable,N/A
899,899,900,unavailable,unavailable,unavailable,N/A,unavailable,N/A
900,900,901,unavailable,unavailable,unavailable,N/A,unavailable,N/A
901,901,902,unavailable,unavailable,unavailable,N/A,unavailable,N/A
902,902,903,unavailable,unavailable,unavailable,N/A,unavailable,N/A
903,903,904,"
579 °F at 760 mmHg (NTP, 1992)
","
237.7 °F (NTP, 1992)
",303.8888888888889,y,113.8888888888889,y
904,904,905,unavailable,unavailable,unavailable,N/A,unavailable,N/A
905,905,906,unavailable,unavailable,unavailable,N/A,unavailable,N/A
906,906,907,unavailable,unavailable,unavailable,N/A,unavailable,N/A
907,907,908,unavailable,unavailable,unavailable,N/A,unavailable,N/A
908,908,909,unavailable,unavailable,unavailable,N/A,unavailable,N/A
909,909,910,unavailable,unavailable,unavailable,N/A,unavailable,N/A
910,910,911,unavailable,unavailable,unavailable,N/A,unavailable,N/A
911,911,912,unavailable,unavailable,unavailable,N/A,unavailable,N/A
912,912,913,unavailable,"
74 - 76 °C
",unavailable,N/A,74,y
913,913,914,unavailable,unavailable,unavailable,N/A,unavailable,N/A
914,914,915,unavailable,unavailable,unavailable,N/A,unavailable,N/A
915,915,916,unavailable,unavailable,unavailable,N/A,unavailable,N/A
916,916,917,unavailable,unavailable,unavailable,N/A,unavailable,N/A
917,917,918,unavailable,unavailable,unavailable,N/A,unavailable,N/A
918,918,919,unavailable,unavailable,unavailable,N/A,unavailable,N/A
919,919,920,unavailable,unavailable,unavailable,N/A,unavailable,N/A
920,920,921,unavailable,unavailable,unavailable,N/A,unavailable,N/A
921,921,922,unavailable,unavailable,unavailable,N/A,unavailable,N/A
922,922,923,unavailable,"
97.82 °C
",unavailable,N/A,97,y
923,923,924,unavailable,unavailable,unavailable,N/A,unavailable,N/A
924,924,925,unavailable,unavailable,unavailable,N/A,unavailable,N/A
925,925,926,unavailable,unavailable,unavailable,N/A,unavailable,N/A
926,926,927,unavailable,unavailable,unavailable,N/A,unavailable,N/A
927,927,928,unavailable,unavailable,unavailable,N/A,unavailable,N/A
928,928,929,unavailable,unavailable,unavailable,N/A,unavailable,N/A
929,929,930,unavailable,unavailable,unavailable,N/A,unavailable,N/A
930,930,931,"
424 °F at 760 mmHg (NTP, 1992)
","
176.4 °F (NTP, 1992)
",217.7777777777778,y,80.0,y
931,931,932,unavailable,unavailable,unavailable,N/A,unavailable,N/A
932,932,933,unavailable,unavailable,unavailable,N/A,unavailable,N/A
933,933,934,unavailable,"
1455 °C
",unavailable,N/A,1455,y
934,934,935,"
5139 °F at 760 mmHg (NIOSH, 2022)
","
2831 °F (NIOSH, 2022)
",2837.222222222222,y,1555.0,y
935,935,936,"
302 to 320 °F at 760 mmHg (NTP, 1992)
","
264 to 268 °F (NTP, 1992)
",150.0,y,128.88888888888889,y
936,936,937,unavailable,unavailable,unavailable,N/A,unavailable,N/A
937,937,938,"
Sublimes (NTP, 1992)
","
457 °F (NTP, 1992)
",1992,n,236.11111111111111,y
938,938,939,unavailable,unavailable,unavailable,N/A,unavailable,N/A
939,939,940,unavailable,unavailable,unavailable,N/A,unavailable,N/A
940,940,941,unavailable,unavailable,unavailable,N/A,unavailable,N/A
941,941,942,"
476.1 °F at 745 mmHg (EPA, 1998)
","
-110 °F (EPA, 1998)
",246.66666666666669,y,43.333333333333336,y
942,942,943,unavailable,unavailable,unavailable,N/A,unavailable,N/A
943,943,944,"
181 °F at 760 mmHg (NIOSH, 2022)
","
-44 °F (NIOSH, 2022)
",82.77777777777779,y,6.666666666666667,y
944,944,945,unavailable,unavailable,unavailable,N/A,unavailable,N/A
945,945,946,unavailable,unavailable,unavailable,N/A,unavailable,N/A
946,946,947,"
-320.1 °F at 760 mmHg (USCG, 1999)
","
-354 °F (USCG, 1999)
",160.0,y,178.88888888888889,y
947,947,948,"
-129.1 °F at 760 mmHg (USCG, 1999)
","
-131.5 °F (USCG, 1999)
",53.88888888888889,y,55.0,y
948,948,949,"
381 °F at 760 mmHg (NTP, 1992)
","
36.4 °F (NTP, 1992)
",193.88888888888889,y,2.2222222222222223,y
949,949,950,unavailable,unavailable,unavailable,N/A,unavailable,N/A
950,950,951,unavailable,unavailable,unavailable,N/A,unavailable,N/A
951,951,952,unavailable,unavailable,unavailable,N/A,unavailable,N/A
952,952,953,unavailable,unavailable,unavailable,N/A,unavailable,N/A
953,953,954,unavailable,unavailable,unavailable,N/A,unavailable,N/A
954,954,955,unavailable,unavailable,unavailable,N/A,unavailable,N/A
955,955,956,unavailable,unavailable,unavailable,N/A,unavailable,N/A
956,956,957,"
383 °F at 760 mmHg (USCG, 1999)
","
5 °F (USCG, 1999)
",195.0,y,-15.0,y
957,957,958,unavailable,unavailable,unavailable,N/A,unavailable,N/A
958,958,959,unavailable,unavailable,unavailable,N/A,unavailable,N/A
959,959,960,unavailable,unavailable,unavailable,N/A,unavailable,N/A
960,960,961,unavailable,unavailable,unavailable,N/A,unavailable,N/A
961,961,962,"
212 °F at 760 mmHg
","
32 °F
",100.0,y,0.0,y
962,962,963,unavailable,unavailable,unavailable,N/A,unavailable,N/A
963,963,964,unavailable,unavailable,unavailable,N/A,unavailable,N/A
964,964,965,unavailable,unavailable,unavailable,N/A,unavailable,N/A
965,965,966,unavailable,unavailable,unavailable,N/A,unavailable,N/A
966,966,967,"
656.00 to 657.00 °C. @ 760.00 mm Hg (est)
","
653 to 655 °F (NTP, 1992)
",656,y,345.0,y
967,967,968,unavailable,unavailable,unavailable,N/A,unavailable,N/A
968,968,969,unavailable,unavailable,unavailable,N/A,unavailable,N/A
969,969,970,unavailable,"
161 °C
",unavailable,N/A,161,y
970,970,971,"
Sublimes (NIOSH, 2022)
","
372 °F (Decomposes) (NTP, 1992)
",2022,n,188.88888888888889,y
971,971,972,unavailable,unavailable,unavailable,N/A,unavailable,N/A
972,972,973,unavailable,unavailable,unavailable,N/A,unavailable,N/A
973,973,974,unavailable,210,unavailable,N/A,210,n
974,974,975,unavailable,unavailable,unavailable,N/A,unavailable,N/A
975,975,976,unavailable,unavailable,unavailable,N/A,unavailable,N/A
976,976,977,"
-297.3 °F at 760 mmHg (USCG, 1999)
","
-361 °F (USCG, 1999)
",147.22222222222223,y,182.7777777777778,y
977,977,978,"
339.00 to 340.00 °C. @ 760.00 mm Hg (est)
","
370 to 372 °F (NTP, 1992)
",339,y,187.7777777777778,y
978,978,979,unavailable,"
219 - 220 °C
",unavailable,N/A,219,y
979,979,980,"
534 °F at 760 mmHg (Decomposes) (NTP, 1992)
","
235 to 239 °F (Sublimes) (NTP, 1992)
",278.8888888888889,y,112.77777777777779,y
980,980,981,unavailable,unavailable,unavailable,N/A,unavailable,N/A
981,981,982,unavailable,unavailable,unavailable,N/A,unavailable,N/A
982,982,983,unavailable,unavailable,unavailable,N/A,unavailable,N/A
983,983,984,unavailable,"
35 °C
",unavailable,N/A,35,y
984,984,985,"
351.5 °C
","
62.49 °C
",351,y,62,y
985,985,986,unavailable,unavailable,unavailable,N/A,unavailable,N/A
986,986,987,unavailable,unavailable,unavailable,N/A,unavailable,N/A
987,987,988,unavailable,unavailable,unavailable,N/A,unavailable,N/A
988,988,989,unavailable,unavailable,unavailable,N/A,unavailable,N/A
989,989,990,unavailable,unavailable,unavailable,N/A,unavailable,N/A
990,990,991,"
707 °F at 760 mmHg (EPA, 1998)
","
43 °F (EPA, 1998)
",375.0,y,6.111111111111112,y
991,991,992,"
588 to 590 °F at 760 mmHg (with decomposition) (NTP, 1992)
","
376 °F (NTP, 1992)
",308.8888888888889,y,191.11111111111111,y
992,992,993,unavailable,unavailable,unavailable,N/A,unavailable,N/A
993,993,994,unavailable,unavailable,unavailable,N/A,unavailable,N/A
994,994,995,"
642 °F at 760 mmHg (NTP, 1992)
","
212 °F (NTP, 1992)
",338.8888888888889,y,100.0,y
995,995,996,"
360 °F at 760 mmHg (NTP, 1992)
","
109 °F (NTP, 1992)
",182.22222222222223,y,42.77777777777778,y
996,996,997,unavailable,"
154 °C
",unavailable,N/A,154,y
997,997,998,195,"
120.5 - 121.5 °C
",195,n,120,y
998,998,999,"
265.5 deg at 760 mm Hg
","
76.7 °C
",265,n,76,y
