,CID,BP,MP
0,1,unavailable,unavailable
1,2,unavailable,unavailable
2,3,unavailable,unavailable
3,4,"
313 to 316 °F at 758 mmHg (NTP, 1992)
","
34.5 °F (NTP, 1992)
"
4,5,unavailable,unavailable
5,6,"
315 °C
","
52-54 °C
"
6,7,unavailable,unavailable
7,8,unavailable,unavailable
8,9,unavailable,unavailable
9,10,unavailable,unavailable
10,11,"
182.3 °F at 760 mmHg (NTP, 1992)
","
-31.5 °F (NTP, 1992)
"
11,12,unavailable,unavailable
12,13,"
415 °F at 760 mmHg (NTP, 1992)
","
63 °F (NTP, 1992)
"
13,14,unavailable,unavailable
14,15,unavailable,unavailable
15,16,unavailable,unavailable
16,17,unavailable,unavailable
17,18,unavailable,unavailable
18,19,"
362.00 to 363.00 °C. @ 760.00 mm Hg (est)
","
204.00 to 208.00 °C. @ 760.00 mm Hg
"
19,20,unavailable,unavailable
20,21,unavailable,unavailable
21,22,unavailable,unavailable
22,23,unavailable,unavailable
23,24,unavailable,unavailable
24,25,unavailable,unavailable
25,26,unavailable,unavailable
26,27,unavailable,unavailable
27,28,unavailable,unavailable
28,29,unavailable,unavailable
29,30,unavailable,unavailable
30,31,unavailable,unavailable
31,32,unavailable,unavailable
32,33,"
185 °F at 760 mmHg (NTP, 1992)
","
3 °F (USCG, 1999)
"
33,34,"
262 °F at 760 mmHg (EPA, 1998)
","
-89.5 °F (EPA, 1998)
"
34,35,unavailable,unavailable
35,36,unavailable,unavailable
36,37,unavailable,unavailable
37,38,unavailable,unavailable
38,39,unavailable,unavailable
39,40,unavailable,unavailable
40,41,unavailable,unavailable
41,42,unavailable,unavailable
42,43,unavailable,unavailable
43,44,unavailable,unavailable
44,45,unavailable,"
156 - 158 °C
"
45,46,unavailable,unavailable
46,47,unavailable,unavailable
47,48,unavailable,unavailable
48,49,170.5,"
31.5 °C
"
49,50,unavailable,unavailable
50,51,unavailable,"
115.5 °C
"
51,52,unavailable,unavailable
52,53,unavailable,unavailable
53,54,unavailable,unavailable
54,55,unavailable,unavailable
55,56,unavailable,unavailable
56,57,unavailable,unavailable
57,58,unavailable,"
33 °C
"
58,59,unavailable,unavailable
59,60,unavailable,unavailable
60,61,unavailable,unavailable
61,62,unavailable,unavailable
62,63,unavailable,unavailable
63,64,unavailable,unavailable
64,65,unavailable,unavailable
65,66,"
412 °F at 760 mmHg (NTP, 1992)
","
133 to 136 °F (NTP, 1992)
"
66,67,unavailable,unavailable
67,68,unavailable,unavailable
68,69,unavailable,unavailable
69,70,unavailable,"
8 - 10 °C
"
70,71,unavailable,"
127 °C
"
71,72,unavailable,"
221 °C
"
72,73,unavailable,unavailable
73,74,unavailable,unavailable
74,75,unavailable,unavailable
75,76,unavailable,unavailable
76,77,unavailable,unavailable
77,78,unavailable,unavailable
78,79,"
206.9 °C
","
51 °C
"
79,80,unavailable,unavailable
80,81,unavailable,unavailable
81,82,unavailable,unavailable
82,83,unavailable,unavailable
83,84,unavailable,unavailable
84,85,unavailable,unavailable
85,86,unavailable,"
164 °C
"
86,87,unavailable,unavailable
87,88,unavailable,unavailable
88,89,unavailable,"
217 °C
"
89,90,unavailable,unavailable
90,91,unavailable,unavailable
91,92,unavailable,unavailable
92,93,"
412.25 °C. @ 760.00 mm Hg (est)
","
124 - 126 °C
"
93,94,unavailable,unavailable
94,95,unavailable,unavailable
95,96,"
237.00 to 239.00 °C. @ 760.00 mm Hg
","
36.5 °C
"
96,97,unavailable,unavailable
97,98,unavailable,unavailable
98,99,unavailable,unavailable
99,100,unavailable,unavailable
100,101,unavailable,unavailable
101,102,unavailable,unavailable
102,103,unavailable,unavailable
103,104,unavailable,unavailable
104,105,unavailable,unavailable
105,106,unavailable,"
228 °C
"
106,107,"
280.00 °C. @ 760.00 mm Hg
","
45 - 48 °C
"
107,108,unavailable,unavailable
108,109,unavailable,unavailable
109,110,unavailable,unavailable
110,111,unavailable,"
170 °C
"
111,112,unavailable,unavailable
112,113,unavailable,unavailable
113,114,unavailable,unavailable
114,115,unavailable,unavailable
115,116,unavailable,unavailable
116,117,unavailable,unavailable
117,118,unavailable,unavailable
118,119,unavailable,"
203 °C
"
119,120,unavailable,unavailable
120,121,unavailable,unavailable
121,122,unavailable,unavailable
122,123,unavailable,unavailable
123,124,unavailable,unavailable
124,125,"
252.00 °C. @ 760.00 mm Hg
","
124.5 °C
"
125,126,"
310.00 to 311.00 °C. @ 760.00 mm Hg
","
117 °C
"
126,127,unavailable,"
148 - 150 °C
"
127,128,unavailable,unavailable
128,129,unavailable,unavailable
129,130,unavailable,unavailable
130,131,unavailable,unavailable
131,132,unavailable,unavailable
132,133,unavailable,unavailable
133,134,unavailable,unavailable
134,135,"
334.00 to 335.00 °C. @ 760.00 mm Hg
","
214.5 °C
"
135,136,unavailable,unavailable
136,137,unavailable,"
156-158 °C
"
137,138,unavailable,"
157.5 °C
"
138,139,unavailable,unavailable
139,140,unavailable,"
232 °C
"
140,141,unavailable,unavailable
141,142,unavailable,unavailable
142,143,unavailable,unavailable
143,144,unavailable,"
298-300 °C (decomposes)
"
144,145,unavailable,unavailable
145,146,unavailable,unavailable
146,147,unavailable,unavailable
147,148,unavailable,unavailable
148,149,unavailable,unavailable
149,150,unavailable,unavailable
150,151,unavailable,unavailable
151,152,unavailable,unavailable
152,153,unavailable,unavailable
153,154,unavailable,unavailable
154,155,unavailable,unavailable
155,156,unavailable,unavailable
156,157,unavailable,unavailable
157,158,unavailable,unavailable
158,159,unavailable,unavailable
159,160,unavailable,unavailable
160,161,unavailable,unavailable
161,162,unavailable,unavailable
162,163,unavailable,unavailable
163,164,unavailable,unavailable
164,165,unavailable,unavailable
165,166,unavailable,unavailable
166,167,unavailable,unavailable
167,168,unavailable,unavailable
168,169,unavailable,unavailable
169,170,unavailable,unavailable
170,171,unavailable,unavailable
171,172,unavailable,unavailable
172,173,unavailable,unavailable
173,174,"
387.7 °F at 760 mmHg (NTP, 1992)
","
9 °F (NTP, 1992)
"
174,175,unavailable,unavailable
175,176,"
244 °F at 760 mmHg (NTP, 1992)
","
61.9 °F (NTP, 1992)
"
176,177,"
70 °F at 760 mmHg (NTP, 1992)
","
-190.3 °F (NTP, 1992)
"
177,178,"
430 °F at 760 mmHg (NTP, 1992)
","
180.1 °F (NTP, 1992)
"
178,179,"
148 °C at 760 mm Hg
","
15 °C
"
179,180,"
133 °F at 760 mmHg (NTP, 1992)
","
-137 °F (NTP, 1992)
"
180,181,unavailable,unavailable
181,182,unavailable,unavailable
182,183,unavailable,unavailable
183,184,unavailable,unavailable
184,185,unavailable,unavailable
185,186,unavailable,unavailable
186,187,unavailable,"
148 °C
"
187,188,unavailable,unavailable
188,189,unavailable,unavailable
189,190,unavailable,"
360 °C
"
190,191,unavailable,unavailable
191,192,unavailable,unavailable
192,193,unavailable,unavailable
193,194,unavailable,unavailable
194,195,unavailable,unavailable
195,196,"
337.5 °C at 760 mm Hg: 265 °C at 100 mm Hg: 240.5 °C at 40 mm Hg: 222 °Cat 20 mm Hg: 205.5 °C at 10 mm Hg; 191 °C at 5 mm Hg; 159.5 °C at 1.0 mm Hg
","
304 °F (USCG, 1999)
"
196,197,unavailable,unavailable
197,198,unavailable,unavailable
198,199,unavailable,"
234-238 degress Celcius
"
199,200,unavailable,unavailable
200,201,unavailable,unavailable
201,202,unavailable,unavailable
202,203,unavailable,"
180 - 181 °C
"
203,204,unavailable,"
239 °C /Racemic form/
"
204,205,unavailable,unavailable
205,206,unavailable,unavailable
206,207,unavailable,unavailable
207,208,unavailable,unavailable
208,209,unavailable,unavailable
209,210,unavailable,unavailable
210,211,unavailable,unavailable
211,212,unavailable,unavailable
212,213,unavailable,unavailable
213,214,unavailable,unavailable
214,215,unavailable,unavailable
215,216,unavailable,unavailable
216,217,unavailable,unavailable
217,218,unavailable,unavailable
218,219,unavailable,unavailable
219,220,unavailable,unavailable
220,221,unavailable,unavailable
221,222,"
-28.03 °F at 760 mmHg (EPA, 1998)
","
-107.9 °F (EPA, 1998)
"
222,223,unavailable,unavailable
223,224,unavailable,unavailable
224,225,unavailable,unavailable
225,226,unavailable,unavailable
226,227,"
Sublimes (NTP, 1992)
","
291 to 295 °F (NTP, 1992)
"
227,228,unavailable,unavailable
228,229,unavailable,unavailable
229,230,unavailable,unavailable
230,231,unavailable,unavailable
231,232,unavailable,unavailable
232,233,unavailable,unavailable
233,234,"
Boiling point (-H2O): 160 °C /Hemihydrate/
","
35 °C
"
234,235,unavailable,unavailable
235,236,unavailable,unavailable
236,237,unavailable,"
248-250 °C
"
237,238,unavailable,unavailable
238,239,unavailable,"
200 °C
"
239,240,"
354 °F at 760 mmHg (NTP, 1992)
","
-15 °F (NTP, 1992)
"
240,241,"
176.2 °F at 760 mmHg (NTP, 1992)
","
41.9 °F (NTP, 1992)
"
241,242,unavailable,unavailable
242,243,"
480 °F at 760 mmHg (NTP, 1992)
","
252.3 °F (NTP, 1992)
"
243,244,"
401 °F at 760 mmHg (NTP, 1992)
","
4.5 °F (NTP, 1992)
"
244,245,unavailable,unavailable
245,246,unavailable,unavailable
246,247,unavailable,"
301-305°C
"
247,248,unavailable,"
293 - 301 °C
"
248,249,unavailable,unavailable
249,250,unavailable,unavailable
250,251,unavailable,unavailable
251,252,unavailable,unavailable
252,253,unavailable,unavailable
253,254,unavailable,unavailable
254,255,unavailable,unavailable
255,256,unavailable,unavailable
256,257,unavailable,unavailable
257,258,unavailable,"
235-236 °C (decomp.)
"
258,259,unavailable,"
-7.25 °C
"
259,260,"
-88.2 °F at 760 mmHg (USCG, 1999)
","
-124 °F (NIOSH, 2022)
"
260,261,"
167 °F at 760 mmHg (NTP, 1992)
","
-146 °F (NTP, 1992)
"
261,262,"
BP: 182 °C at 1 atm
","
19 °C
"
262,263,"
243.9 °F at 760 mmHg (USCG, 1999)
","
-129 °F (USCG, 1999)
"
263,264,"
326.3 °F at 760 mmHg (NTP, 1992)
","
17.8 °F (NTP, 1992)
"
264,265,unavailable,unavailable
265,266,unavailable,unavailable
266,267,unavailable,unavailable
267,268,unavailable,unavailable
268,269,unavailable,unavailable
269,270,unavailable,unavailable
270,271,unavailable,"
850 °C
"
271,272,unavailable,unavailable
272,273,"
179 °C
","
11.83 °C
"
273,274,unavailable,unavailable
274,275,unavailable,"
184 °C
"
275,276,unavailable,unavailable
276,277,unavailable,unavailable
277,278,unavailable,unavailable
278,279,unavailable,unavailable
279,280,"
Sublimes (NIOSH, 2022)
","
-109.3 °F (USCG, 1999)
"
280,281,"
-312.7 °F at 760 mmHg (USCG, 1999)
","
-326 °F (USCG, 1999)
"
281,282,unavailable,unavailable
282,283,unavailable,unavailable
283,284,"
213.3 °F at 760 mmHg (NTP, 1992)
","
47.1 °F (NTP, 1992)
"
284,285,unavailable,unavailable
285,286,unavailable,unavailable
286,287,unavailable,unavailable
287,288,unavailable,unavailable
288,289,"
473 °F at 760 mmHg (sublimes) (NTP, 1992)
","
221 °F (NTP, 1992)
"
289,290,unavailable,unavailable
290,291,unavailable,unavailable
291,292,unavailable,unavailable
292,293,unavailable,unavailable
293,294,"
Decomposes (NIOSH, 2022)
","
500 to 518 °F (Decomposes) (NIOSH, 2022)
"
294,295,unavailable,unavailable
295,296,unavailable,unavailable
296,297,"
-258 °F at 760 mmHg (USCG, 1999)
","
-296 °F (USCG, 1999)
"
297,298,unavailable,unavailable
298,299,"
Sublimes with decomposition at 662.0 °F (USCG, 1999)
","
662 °F (decomposes) (NTP, 1992)
"
299,300,"
372 °F at 760 mmHg (EPA, 1998)
","
145 °F (EPA, 1998)
"
300,301,"
263 °C
","
100 °C
"
301,302,unavailable,unavailable
302,303,unavailable,unavailable
303,304,unavailable,unavailable
304,305,113,"
244-247 °C (as chloride salt)
"
305,306,unavailable,unavailable
306,307,unavailable,unavailable
307,308,"
250.00 to 258.00 °C. @ 760.00 mm Hg
","
33 °C
"
308,309,unavailable,"
194-195 °C (WITH DECOMP)
"
309,310,unavailable,unavailable
310,311,"
Decomposes (NTP, 1992)
","
307 °F (anhydrous) (NTP, 1992)
"
311,312,unavailable,"
-101 °C
"
312,313,"
123 °F at 760 mmHg (USCG, 1999)
","
-174.6 °F (Melting point is -13.7 °F for a 39.17% weight/weight solution.) (EPA, 1998)
"
313,314,unavailable,unavailable
314,315,unavailable,unavailable
315,316,unavailable,unavailable
316,317,unavailable,unavailable
317,318,unavailable,unavailable
318,319,unavailable,unavailable
319,320,unavailable,unavailable
320,321,unavailable,unavailable
321,322,unavailable,unavailable
322,323,"
568 °F at 760 mmHg (NTP, 1992)
","
154 to 158 °F (NTP, 1992)
"
323,324,unavailable,unavailable
324,325,"
135.00 to 136.00 °C. @ 26.00 mm Hg
","
28 °C
"
325,326,"
235.5 °C
",unavailable
326,327,unavailable,unavailable
327,328,unavailable,"
103 - 106 °C
"
328,329,unavailable,unavailable
329,330,unavailable,unavailable
330,331,unavailable,unavailable
331,332,unavailable,unavailable
332,333,unavailable,unavailable
333,334,unavailable,unavailable
334,335,"
376 °F at 760 mmHg (EPA, 1998)
","
88 °F (EPA, 1998)
"
335,336,unavailable,unavailable
336,337,unavailable,unavailable
337,338,"
211 °C at 20 torr
","
315 °F (USCG, 1999)
"
338,339,unavailable,unavailable
339,340,241,68
340,341,unavailable,unavailable
341,342,"
397 °F at 760 mmHg (NTP, 1992)
","
52.7 °F (NTP, 1992)
"
342,343,unavailable,unavailable
343,344,unavailable,unavailable
344,345,unavailable,unavailable
345,346,unavailable,unavailable
346,347,unavailable,unavailable
347,348,unavailable,unavailable
348,349,unavailable,unavailable
349,350,unavailable,unavailable
350,351,unavailable,unavailable
351,352,unavailable,unavailable
352,353,unavailable,unavailable
353,354,unavailable,unavailable
354,355,unavailable,unavailable
355,356,"
258.1 °F at 760 mmHg (USCG, 1999)
","
-70.2 °F (USCG, 1999)
"
356,357,unavailable,unavailable
357,358,unavailable,unavailable
358,359,unavailable,"
218.5 °C
"
359,360,unavailable,unavailable
360,361,unavailable,unavailable
361,362,unavailable,unavailable
362,363,unavailable,unavailable
363,364,unavailable,unavailable
364,365,unavailable,unavailable
365,366,unavailable,"
153 - 154 °C
"
366,367,unavailable,unavailable
367,368,unavailable,unavailable
368,369,unavailable,unavailable
369,370,"
SUBLIMES (NTP, 1992)
","
432 to 464 °F (decomposes) (NTP, 1992)
"
370,371,unavailable,unavailable
371,372,unavailable,unavailable
372,373,unavailable,unavailable
373,374,unavailable,unavailable
374,375,unavailable,unavailable
375,376,unavailable,unavailable
376,377,unavailable,unavailable
377,378,unavailable,unavailable
378,379,"
463.5 °F at 760 mmHg (NTP, 1992)
","
61 to 62 °F (NTP, 1992)
"
379,380,unavailable,unavailable
380,381,unavailable,unavailable
381,382,unavailable,unavailable
382,383,unavailable,unavailable
383,384,unavailable,unavailable
384,385,"
342.00 °C. @ 760.00 mm Hg
","
103 - 106 °C
"
385,386,unavailable,unavailable
386,387,unavailable,unavailable
387,388,unavailable,unavailable
388,389,unavailable,unavailable
389,390,unavailable,unavailable
390,391,unavailable,unavailable
391,392,unavailable,unavailable
392,393,unavailable,unavailable
393,394,unavailable,unavailable
394,395,unavailable,unavailable
395,396,unavailable,unavailable
396,397,unavailable,"
150 - 151 °C
"
397,398,"
248.5 °F at 760 mmHg (NTP, 1992)
","
-135 °F (NTP, 1992)
"
398,399,unavailable,unavailable
399,400,unavailable,unavailable
400,401,unavailable,unavailable
401,402,"
-76.59 °F at 760 mmHg (EPA, 1998)
","
-121.9 °F (EPA, 1998)
"
402,403,"
543 °F at 760 mmHg (Decomposes) (NTP, 1992)
","
367 to 369 °F (NTP, 1992)
"
403,404,unavailable,unavailable
404,405,unavailable,unavailable
405,406,unavailable,unavailable
406,407,unavailable,unavailable
407,408,unavailable,"
41 °C
"
408,409,unavailable,"
-79 °C
"
409,410,unavailable,unavailable
410,411,unavailable,unavailable
411,412,"
260 °C
",unavailable
412,413,unavailable,unavailable
413,414,unavailable,unavailable
414,415,unavailable,unavailable
415,416,unavailable,unavailable
416,417,unavailable,unavailable
417,418,unavailable,unavailable
418,419,unavailable,unavailable
419,420,unavailable,unavailable
420,421,unavailable,unavailable
421,422,unavailable,unavailable
422,423,unavailable,unavailable
423,424,unavailable,unavailable
424,425,unavailable,unavailable
425,426,unavailable,unavailable
426,427,unavailable,unavailable
427,428,"
275.9 °F at 738 mmHg (NTP, 1992)
","
10 °F (NTP, 1992)
"
428,429,unavailable,unavailable
429,430,unavailable,unavailable
430,431,unavailable,unavailable
431,432,unavailable,unavailable
432,433,unavailable,unavailable
433,434,unavailable,unavailable
434,435,unavailable,unavailable
435,436,unavailable,unavailable
436,437,unavailable,unavailable
437,438,unavailable,unavailable
438,439,unavailable,unavailable
439,440,unavailable,unavailable
440,441,unavailable,unavailable
441,442,unavailable,unavailable
442,443,unavailable,unavailable
443,444,"
BP: 52 °C at 0.005 mm Hg
","
233-234 °C
"
444,445,unavailable,unavailable
445,446,unavailable,unavailable
446,447,"
Sublimes (NTP, 1992)
","
316 °F (NTP, 1992)
"
447,448,unavailable,unavailable
448,449,unavailable,unavailable
449,450,unavailable,unavailable
450,451,unavailable,unavailable
451,452,unavailable,unavailable
452,453,unavailable,unavailable
453,454,"
171 °C
","
-23 °C
"
454,455,unavailable,unavailable
455,456,unavailable,unavailable
456,457,unavailable,unavailable
457,458,unavailable,"
139 °C (decomposition)
"
458,459,unavailable,unavailable
459,460,"
greater than or equal to 397.4 °F at 760 mmHg (NTP, 1992)
","
less than -4 °F (NTP, 1992)
"
460,461,unavailable,unavailable
461,462,unavailable,unavailable
462,463,unavailable,unavailable
463,464,unavailable,"
187 - 191 °C
"
464,465,unavailable,unavailable
465,466,unavailable,unavailable
466,467,unavailable,unavailable
467,468,unavailable,unavailable
468,469,unavailable,unavailable
469,470,unavailable,unavailable
470,471,unavailable,unavailable
471,472,unavailable,unavailable
472,473,unavailable,unavailable
473,474,unavailable,unavailable
474,475,unavailable,unavailable
475,476,unavailable,unavailable
476,477,unavailable,unavailable
477,478,unavailable,unavailable
478,479,unavailable,unavailable
479,480,unavailable,unavailable
480,481,unavailable,unavailable
481,482,unavailable,unavailable
482,483,unavailable,unavailable
483,484,unavailable,unavailable
484,485,unavailable,unavailable
485,486,unavailable,unavailable
486,487,unavailable,"
135 °C
"
487,488,unavailable,unavailable
488,489,unavailable,unavailable
489,490,unavailable,unavailable
490,491,unavailable,unavailable
491,492,unavailable,unavailable
492,493,unavailable,unavailable
493,494,unavailable,unavailable
494,495,unavailable,unavailable
495,496,unavailable,unavailable
496,497,unavailable,unavailable
497,498,unavailable,unavailable
498,499,unavailable,unavailable
499,500,unavailable,unavailable
500,501,unavailable,unavailable
501,502,unavailable,unavailable
502,503,unavailable,unavailable
503,504,unavailable,unavailable
504,505,unavailable,unavailable
505,506,unavailable,unavailable
506,507,unavailable,unavailable
507,508,unavailable,unavailable
508,509,unavailable,unavailable
509,510,unavailable,unavailable
510,511,unavailable,unavailable
511,512,unavailable,unavailable
512,513,unavailable,unavailable
513,514,unavailable,unavailable
514,515,unavailable,unavailable
515,516,unavailable,unavailable
516,517,unavailable,unavailable
517,518,unavailable,unavailable
518,519,unavailable,unavailable
519,520,unavailable,unavailable
520,521,unavailable,unavailable
521,522,unavailable,unavailable
522,523,unavailable,unavailable
523,524,unavailable,unavailable
524,525,"
Decomposes at >225 °C and <235 °C (BP not determinable) /OECD Guideline 103 (Boiling point/boiling range)/
","
127-132 °C
"
525,526,unavailable,unavailable
526,527,"
120 °F at 760 mmHg (NTP, 1992)
","
-114 °F (NTP, 1992)
"
527,528,unavailable,"
200 °C
"
528,529,unavailable,unavailable
529,530,unavailable,unavailable
530,531,unavailable,unavailable
531,532,unavailable,unavailable
532,533,"
-41.3 °C
","
-65.73 °C
"
533,534,unavailable,unavailable
534,535,unavailable,"
229 - 231 °C
"
535,536,unavailable,unavailable
536,537,unavailable,unavailable
537,538,unavailable,unavailable
538,539,unavailable,unavailable
539,540,unavailable,unavailable
540,541,unavailable,unavailable
541,542,unavailable,unavailable
542,543,unavailable,unavailable
543,544,unavailable,unavailable
544,545,"
465 °C
",unavailable
545,546,unavailable,"
143-146 °C
"
546,547,unavailable,"
168 °C
"
547,548,unavailable,unavailable
548,549,unavailable,unavailable
549,550,unavailable,unavailable
550,551,unavailable,unavailable
551,552,unavailable,unavailable
552,553,unavailable,unavailable
553,554,unavailable,unavailable
554,555,unavailable,unavailable
555,556,unavailable,unavailable
556,557,unavailable,unavailable
557,558,unavailable,unavailable
558,559,unavailable,unavailable
559,560,unavailable,unavailable
560,561,unavailable,unavailable
561,562,unavailable,unavailable
562,563,"
244.00 to 247.00 °C. @ 760.00 mm Hg
",unavailable
563,564,"
255.64 °C. @ 760.00 mm Hg (est)
","
202-203 °C
"
564,565,unavailable,unavailable
565,566,unavailable,unavailable
566,567,unavailable,unavailable
567,568,"
549 °F at 760 mmHg (NTP, 1992)
","
187 to 189 °F (NTP, 1992)
"
568,569,unavailable,unavailable
569,570,unavailable,unavailable
570,571,unavailable,unavailable
571,572,unavailable,unavailable
572,573,unavailable,unavailable
573,574,unavailable,unavailable
574,575,unavailable,unavailable
575,576,unavailable,unavailable
576,577,unavailable,unavailable
577,578,unavailable,unavailable
578,579,unavailable,unavailable
579,580,unavailable,unavailable
580,581,unavailable,unavailable
581,582,unavailable,unavailable
582,583,unavailable,unavailable
583,584,unavailable,unavailable
584,585,unavailable,unavailable
585,586,unavailable,"
Decomposes at 303 °C
"
586,587,unavailable,unavailable
587,588,unavailable,"
303 °C (decomposes)
"
588,589,unavailable,unavailable
589,590,unavailable,unavailable
590,591,unavailable,unavailable
591,592,unavailable,unavailable
592,593,unavailable,unavailable
593,594,unavailable,unavailable
594,595,unavailable,unavailable
595,596,unavailable,unavailable
596,597,unavailable,"
> 300 °C
"
597,598,unavailable,unavailable
598,599,unavailable,unavailable
599,600,unavailable,unavailable
600,601,unavailable,unavailable
601,602,unavailable,unavailable
602,603,unavailable,unavailable
603,604,unavailable,unavailable
604,605,unavailable,unavailable
605,606,unavailable,unavailable
606,607,unavailable,unavailable
607,608,unavailable,unavailable
608,609,unavailable,unavailable
609,610,unavailable,unavailable
610,611,unavailable,unavailable
611,612,"
122 °C at 15 mm Hg
","
16.8 °C
"
612,613,unavailable,unavailable
613,614,unavailable,unavailable
614,615,unavailable,unavailable
615,616,unavailable,unavailable
616,617,unavailable,unavailable
617,618,unavailable,unavailable
618,619,unavailable,unavailable
619,620,unavailable,unavailable
620,621,unavailable,unavailable
621,622,unavailable,unavailable
622,623,unavailable,unavailable
623,624,unavailable,unavailable
624,625,unavailable,unavailable
625,626,unavailable,unavailable
626,627,unavailable,unavailable
627,628,unavailable,unavailable
628,629,unavailable,unavailable
629,630,unavailable,unavailable
630,631,unavailable,unavailable
631,632,unavailable,unavailable
632,633,unavailable,unavailable
633,634,unavailable,unavailable
634,635,unavailable,unavailable
635,636,unavailable,unavailable
636,637,unavailable,unavailable
637,638,unavailable,unavailable
638,639,unavailable,unavailable
639,640,unavailable,unavailable
640,641,unavailable,unavailable
641,642,unavailable,unavailable
642,643,unavailable,unavailable
643,644,unavailable,unavailable
644,645,unavailable,unavailable
645,646,unavailable,unavailable
646,647,unavailable,"
234 - 238 °C
"
647,648,unavailable,unavailable
648,649,unavailable,"
279 - 281 °C
"
649,650,"
190 °F at 760 mmHg (NTP, 1992)
","
27.7 °F (NTP, 1992)
"
650,651,unavailable,unavailable
651,652,unavailable,unavailable
652,653,unavailable,unavailable
653,654,unavailable,unavailable
654,655,unavailable,unavailable
655,656,unavailable,unavailable
656,657,unavailable,unavailable
657,658,unavailable,unavailable
658,659,unavailable,unavailable
659,660,"
522 °F at 760 mmHg (NTP, 1992)
","
77 °F (NTP, 1992)
"
660,661,unavailable,unavailable
661,662,unavailable,unavailable
662,663,unavailable,unavailable
663,664,unavailable,unavailable
664,665,unavailable,unavailable
665,666,unavailable,unavailable
666,667,unavailable,unavailable
667,668,unavailable,unavailable
668,669,unavailable,unavailable
669,670,unavailable,"
90 °C
"
670,671,unavailable,unavailable
671,672,unavailable,unavailable
672,673,63.9,"
185.5 °C
"
673,674,"
45.3 °F at 760 mmHg (NTP, 1992)
","
-135 °F (NTP, 1992)
"
674,675,unavailable,"
205.5 °C
"
675,676,unavailable,unavailable
676,677,unavailable,unavailable
677,678,unavailable,unavailable
678,679,"
372 °F at 760 mmHg (NTP, 1992)
","
65.3 °F (NTP, 1992)
"
679,680,unavailable,unavailable
680,681,227,"
128 °C
"
681,682,unavailable,unavailable
682,683,unavailable,unavailable
683,684,unavailable,unavailable
684,685,unavailable,unavailable
685,686,unavailable,unavailable
686,687,unavailable,unavailable
687,688,unavailable,unavailable
688,689,unavailable,unavailable
689,690,unavailable,unavailable
690,691,unavailable,unavailable
691,692,unavailable,unavailable
692,693,unavailable,unavailable
693,694,unavailable,unavailable
694,695,unavailable,unavailable
695,696,unavailable,unavailable
696,697,unavailable,unavailable
697,698,unavailable,unavailable
698,699,unavailable,unavailable
699,700,"
338 °F at 760 mmHg (NTP, 1992)
","
50.5 °F (NTP, 1992)
"
700,701,unavailable,unavailable
701,702,"
173.3 °F at 760 mmHg (NTP, 1992)
","
-173.4 °F (NTP, 1992)
"
702,703,unavailable,unavailable
703,704,unavailable,unavailable
704,705,unavailable,unavailable
705,706,unavailable,unavailable
706,707,unavailable,unavailable
707,708,unavailable,unavailable
708,709,unavailable,unavailable
709,710,unavailable,unavailable
710,711,unavailable,unavailable
711,712,"
-6 °F at 760 mmHg (NIOSH, 2022)
","
-134 °F (NIOSH, 2022)
"
712,713,"
410 °F at 760 mmHg (decomposes) (NTP, 1992)
","
36.5 °F (NTP, 1992)
"
713,714,unavailable,unavailable
714,715,unavailable,unavailable
715,716,unavailable,unavailable
716,717,unavailable,unavailable
717,718,unavailable,unavailable
718,719,unavailable,unavailable
719,720,unavailable,unavailable
720,721,unavailable,unavailable
721,722,unavailable,unavailable
722,723,unavailable,unavailable
723,724,unavailable,unavailable
724,725,unavailable,unavailable
725,726,unavailable,unavailable
726,727,"
550 °F at 760 mmHg (NTP, 1992)
","
316 °F (NTP, 1992)
"
727,728,unavailable,unavailable
728,729,unavailable,unavailable
729,730,unavailable,unavailable
730,731,unavailable,unavailable
731,732,unavailable,unavailable
732,733,unavailable,unavailable
733,734,unavailable,unavailable
734,735,unavailable,unavailable
735,736,unavailable,unavailable
736,737,unavailable,unavailable
737,738,unavailable,unavailable
738,739,unavailable,unavailable
739,740,unavailable,unavailable
740,741,unavailable,unavailable
741,742,unavailable,unavailable
742,743,"
576 to 579 °F at 760 mmHg (decomposes) (NTP, 1992)
","
207.5 °F (NTP, 1992)
"
743,744,unavailable,unavailable
744,745,unavailable,unavailable
745,746,unavailable,unavailable
746,747,unavailable,unavailable
747,748,unavailable,unavailable
748,749,unavailable,unavailable
749,750,unavailable,"
451 °F (NTP, 1992)
"
750,751,unavailable,"
145 °C
"
751,752,unavailable,unavailable
752,753,"
554 °F at 760 mmHg (decomposes) (NTP, 1992)
","
64 °F (NTP, 1992)
"
753,754,unavailable,unavailable
754,755,unavailable,unavailable
755,756,unavailable,"
97 °C
"
756,757,"
100 °C
","
78-80 °C (alpha-modification); 63 °C (beta-modification, metastable)
"
757,758,unavailable,unavailable
758,759,unavailable,unavailable
759,760,unavailable,"
98 °C
"
760,761,unavailable,unavailable
761,762,unavailable,unavailable
762,763,unavailable,unavailable
763,764,unavailable,unavailable
764,765,unavailable,unavailable
765,766,unavailable,unavailable
766,767,unavailable,"
720 °C
"
767,768,"
25.63 °C
","
-13.28 °C
"
768,769,unavailable,unavailable
769,770,unavailable,unavailable
770,771,unavailable,unavailable
771,772,unavailable,"
>228
"
772,773,unavailable,unavailable
773,774,"
209-210 °C @ 18 MM HG
","
83-84 °C
"
774,775,unavailable,unavailable
775,776,unavailable,unavailable
776,777,unavailable,198
777,778,unavailable,unavailable
778,779,unavailable,unavailable
779,780,unavailable,"
153 °C
"
780,781,unavailable,"
5 °C
"
781,782,unavailable,unavailable
782,783,"
-423 °F at 760 mmHg (USCG, 1999)
","
-434 °F (USCG, 1999)
"
783,784,"
302.4 °F at 760 mmHg (NTP, 1992)
","
31.3 °F (NTP, 1992)
"
784,785,"
545 to 549 °F at 760 mmHg (EPA, 1998)
","
338 to 340 °F (EPA, 1998)
"
785,786,unavailable,unavailable
786,787,"
133.7 °F 22 mm 158 °F 60 mm (USCG, 1999)
","
91.49 °F (USCG, 1999)
"
787,788,unavailable,unavailable
788,789,unavailable,unavailable
789,790,unavailable,"
150 °C
"
790,791,"
225.00 to 226.00 °C. @ 760.00 mm Hg
","
275 °C
"
791,792,unavailable,unavailable
792,793,unavailable,unavailable
793,794,unavailable,unavailable
794,795,"
257 °C
","
89.52 °C
"
795,796,unavailable,unavailable
796,797,unavailable,unavailable
797,798,"
253 °C @ 762 mm Hg; 128-133 °C @ 28 mm Hg
","
52 °C
"
798,799,unavailable,unavailable
799,800,unavailable,unavailable
800,801,unavailable,unavailable
801,802,unavailable,"
168.5 °C
"
802,803,unavailable,unavailable
803,804,unavailable,unavailable
804,805,unavailable,unavailable
805,806,unavailable,unavailable
806,807,"
365 °F at 760 mmHg (NIOSH, 2022)
","
236 °F (NIOSH, 2022)
"
807,808,unavailable,unavailable
808,809,unavailable,unavailable
809,810,unavailable,unavailable
810,811,"
268 °C, SUBLIMES
","
162-164 °C WITH DECOMP, ALSO REPORTED AS 172 °C
"
811,812,unavailable,unavailable
812,813,1689,"
63.2 °C
"
813,814,unavailable,unavailable
814,815,unavailable,unavailable
815,816,unavailable,unavailable
816,817,unavailable,unavailable
817,818,unavailable,unavailable
818,819,unavailable,unavailable
819,820,unavailable,unavailable
820,821,unavailable,unavailable
821,822,unavailable,unavailable
822,823,unavailable,unavailable
823,824,unavailable,unavailable
824,825,unavailable,unavailable
825,826,unavailable,unavailable
826,827,unavailable,unavailable
827,828,unavailable,unavailable
828,829,unavailable,unavailable
829,830,unavailable,unavailable
830,831,unavailable,unavailable
831,832,unavailable,unavailable
832,833,unavailable,unavailable
833,834,unavailable,unavailable
834,835,unavailable,unavailable
835,836,unavailable,"
270 °C
"
836,837,unavailable,unavailable
837,838,unavailable,"
412 to 414 °F (NTP, 1992)
"
838,839,unavailable,unavailable
839,840,unavailable,unavailable
840,841,unavailable,unavailable
841,842,unavailable,unavailable
842,843,unavailable,unavailable
843,844,unavailable,unavailable
844,845,unavailable,unavailable
845,846,unavailable,unavailable
846,847,unavailable,unavailable
847,848,unavailable,unavailable
848,849,unavailable,"
264 °C
"
849,850,unavailable,unavailable
850,851,unavailable,unavailable
851,852,unavailable,unavailable
852,853,unavailable,unavailable
853,854,unavailable,unavailable
854,855,unavailable,unavailable
855,856,unavailable,unavailable
856,857,unavailable,unavailable
857,858,unavailable,unavailable
858,859,unavailable,unavailable
859,860,unavailable,"
29.5 - 30 °C
"
860,861,unavailable,unavailable
861,862,unavailable,unavailable
862,863,unavailable,"
126.0 - 129.0 °C
"
863,864,unavailable,"
47.5-48 °C
"
864,865,unavailable,unavailable
865,866,unavailable,unavailable
866,867,"
284 °F at 760 mmHg (decomposes) (NTP, 1992)
","
276.1 °F (NTP, 1992)
"
867,868,unavailable,unavailable
868,869,unavailable,unavailable
869,870,unavailable,unavailable
870,871,unavailable,unavailable
871,872,unavailable,unavailable
872,873,"
335.90 °C. @ 760.00 mm Hg (est)
","
82 - 83 °C
"
873,874,unavailable,unavailable
874,875,unavailable,"
206 °C
"
875,876,"
300.00 to 301.00 °C. @ 760.00 mm Hg
","
281 °C
"
876,877,unavailable,unavailable
877,878,"
42.7 °F at 760 mmHg (EPA, 1998)
","
-189.4 °F (EPA, 1998)
"
878,879,unavailable,unavailable
879,880,"
162 °F at 760 mmHg (NTP, 1992)
","
< 25 °C
"
880,881,unavailable,unavailable
881,882,unavailable,unavailable
882,883,unavailable,unavailable
883,884,unavailable,unavailable
884,885,unavailable,unavailable
885,886,unavailable,unavailable
886,887,"
148.3 °F at 760 mmHg (NTP, 1992)
","
-144 °F (NTP, 1992)
"
887,888,1100,"
651 °C
"
888,889,unavailable,unavailable
889,890,unavailable,unavailable
890,891,unavailable,unavailable
891,892,291.33,224.5
892,893,unavailable,unavailable
893,894,unavailable,unavailable
894,895,unavailable,unavailable
895,896,unavailable,"
116-118 °C
"
896,897,unavailable,unavailable
897,898,unavailable,unavailable
898,899,unavailable,unavailable
899,900,unavailable,unavailable
900,901,unavailable,unavailable
901,902,unavailable,unavailable
902,903,unavailable,unavailable
903,904,"
579 °F at 760 mmHg (NTP, 1992)
","
237.7 °F (NTP, 1992)
"
904,905,unavailable,unavailable
905,906,unavailable,unavailable
906,907,unavailable,unavailable
907,908,unavailable,unavailable
908,909,unavailable,unavailable
909,910,unavailable,unavailable
910,911,unavailable,unavailable
911,912,unavailable,unavailable
912,913,unavailable,"
74 - 76 °C
"
913,914,unavailable,unavailable
914,915,unavailable,unavailable
915,916,unavailable,unavailable
916,917,unavailable,unavailable
917,918,unavailable,unavailable
918,919,unavailable,unavailable
919,920,unavailable,unavailable
920,921,unavailable,unavailable
921,922,unavailable,unavailable
922,923,unavailable,"
97.82 °C
"
923,924,unavailable,unavailable
924,925,unavailable,unavailable
925,926,unavailable,unavailable
926,927,unavailable,unavailable
927,928,unavailable,unavailable
928,929,unavailable,unavailable
929,930,unavailable,unavailable
930,931,"
424 °F at 760 mmHg (NTP, 1992)
","
176.4 °F (NTP, 1992)
"
931,932,unavailable,unavailable
932,933,unavailable,unavailable
933,934,unavailable,"
1455 °C
"
934,935,"
5139 °F at 760 mmHg (NIOSH, 2022)
","
2831 °F (NIOSH, 2022)
"
935,936,"
302 to 320 °F at 760 mmHg (NTP, 1992)
","
264 to 268 °F (NTP, 1992)
"
936,937,unavailable,unavailable
937,938,"
Sublimes (NTP, 1992)
","
457 °F (NTP, 1992)
"
938,939,unavailable,unavailable
939,940,unavailable,unavailable
940,941,unavailable,unavailable
941,942,"
476.1 °F at 745 mmHg (EPA, 1998)
","
-110 °F (EPA, 1998)
"
942,943,unavailable,unavailable
943,944,"
181 °F at 760 mmHg (NIOSH, 2022)
","
-44 °F (NIOSH, 2022)
"
944,945,unavailable,unavailable
945,946,unavailable,unavailable
946,947,"
-320.1 °F at 760 mmHg (USCG, 1999)
","
-354 °F (USCG, 1999)
"
947,948,"
-129.1 °F at 760 mmHg (USCG, 1999)
","
-131.5 °F (USCG, 1999)
"
948,949,"
381 °F at 760 mmHg (NTP, 1992)
","
36.4 °F (NTP, 1992)
"
949,950,unavailable,unavailable
950,951,unavailable,unavailable
951,952,unavailable,unavailable
952,953,unavailable,unavailable
953,954,unavailable,unavailable
954,955,unavailable,unavailable
955,956,unavailable,unavailable
956,957,"
383 °F at 760 mmHg (USCG, 1999)
","
5 °F (USCG, 1999)
"
957,958,unavailable,unavailable
958,959,unavailable,unavailable
959,960,unavailable,unavailable
960,961,unavailable,unavailable
961,962,"
212 °F at 760 mmHg
","
32 °F
"
962,963,unavailable,unavailable
963,964,unavailable,unavailable
964,965,unavailable,unavailable
965,966,unavailable,unavailable
966,967,"
656.00 to 657.00 °C. @ 760.00 mm Hg (est)
","
653 to 655 °F (NTP, 1992)
"
967,968,unavailable,unavailable
968,969,unavailable,unavailable
969,970,unavailable,"
161 °C
"
970,971,"
Sublimes (NIOSH, 2022)
","
372 °F (Decomposes) (NTP, 1992)
"
971,972,unavailable,unavailable
972,973,unavailable,unavailable
973,974,unavailable,210
974,975,unavailable,unavailable
975,976,unavailable,unavailable
976,977,"
-297.3 °F at 760 mmHg (USCG, 1999)
","
-361 °F (USCG, 1999)
"
977,978,"
339.00 to 340.00 °C. @ 760.00 mm Hg (est)
","
370 to 372 °F (NTP, 1992)
"
978,979,unavailable,"
219 - 220 °C
"
979,980,"
534 °F at 760 mmHg (Decomposes) (NTP, 1992)
","
235 to 239 °F (Sublimes) (NTP, 1992)
"
980,981,unavailable,unavailable
981,982,unavailable,unavailable
982,983,unavailable,unavailable
983,984,unavailable,"
35 °C
"
984,985,"
351.5 °C
","
62.49 °C
"
985,986,unavailable,unavailable
986,987,unavailable,unavailable
987,988,unavailable,unavailable
988,989,unavailable,unavailable
989,990,unavailable,unavailable
990,991,"
707 °F at 760 mmHg (EPA, 1998)
","
43 °F (EPA, 1998)
"
991,992,"
588 to 590 °F at 760 mmHg (with decomposition) (NTP, 1992)
","
376 °F (NTP, 1992)
"
992,993,unavailable,unavailable
993,994,unavailable,unavailable
994,995,"
642 °F at 760 mmHg (NTP, 1992)
","
212 °F (NTP, 1992)
"
995,996,"
360 °F at 760 mmHg (NTP, 1992)
","
109 °F (NTP, 1992)
"
996,997,unavailable,"
154 °C
"
997,998,195,"
120.5 - 121.5 °C
"
998,999,"
265.5 deg at 760 mm Hg
","
76.7 °C
"
